dnum,sales,pool,ev_expost,ev_exante
2013001,309153922,30000000,4.5764,-1.8540
2013002,303822912,61810900,4.8706,-1.6925
2013003,367773688,98882604,4.8023,-1.6458
2013004,337097616,35567995,4.5701,-1.8413
2013005,339352226,49335143,4.7406,-1.7804
2013006,374366198,82757304,4.6867,-1.6816
2013007,341246158,151606540,4.8361,-1.5754
2013008,341795384,170217234,4.7640,-1.5344
2013009,383674016,195572596,4.9880,-1.4605
2013010,347709230,224151420,5.1113,-1.4735
2013011,350274074,199912372,4.7031,-1.6538
2013012,389114476,260734911,5.0127,-1.4343
2013013,351745408,211416895,4.6456,-1.6630
2013014,348187310,150729380,4.6311,-1.6729
2013015,377989410,202682481,4.9721,-1.4345
2013016,327207104,165350088,4.6607,-1.6744
2013017,339247106,198644874,5.0308,-1.4340
2013018,364752666,193557090,4.6867,-1.6159
2013019,316958200,207401535,4.8892,-1.5409
2013020,337611102,233771560,4.9136,-1.4847
2013021,386291388,239758883,4.8341,-1.5844
2013022,349104140,238299864,4.7926,-1.6092
2013023,359844386,271259788,4.9664,-1.4345
2013024,397860528,222298732,4.6454,-1.6694
2013025,365053994,116448192,4.6436,-1.6927
2013026,357237076,140421744,4.9850,-1.4681
2013027,401897672,136259354,4.8110,-1.6123
2013028,363477764,144919914,4.7790,-1.5715
2013029,367189222,133260864,4.6446,-1.6266
2013030,405193314,146756785,4.8341,-1.5604
2013031,365951410,135583170,4.7471,-1.6292
2013032,365616360,185170708,5.1551,-1.4333
2013033,397248028,34224132,4.5568,-1.8705
2013034,339315898,47229360,4.7334,-1.7896
2013035,351498872,105954843,4.8446,-1.7155
2013036,393497514,118017567,4.8041,-1.5738
2013037,350336028,122337450,4.7419,-1.5880
2013038,328400842,140504290,4.9274,-1.5213
2013039,390740078,158541908,4.9593,-1.5451
2013040,352650578,135009567,4.6942,-1.6524
2013041,358260706,165669831,4.8585,-1.4352
2013042,396763590,191650228,4.9348,-1.5198
2013043,358568922,130914304,4.5685,-1.6904
2013044,355471956,113248452,4.6452,-1.6378
2013045,389847482,123007759,4.8108,-1.5725
2013046,352094234,143084851,4.9738,-1.5383
2013047,347274348,167906106,4.9480,-1.5100
2013048,379712106,55171877,4.7079,-1.7809
2013049,295889902,114803190,5.1178,-1.7129
2013050,331969178,116018802,4.7206,-1.6012
2013051,377856082,30000000,4.5810,-1.8806
2013052,320719928,48367032,4.7053,-1.7723
2013053,327360018,89705790,4.6841,-1.7165
2013054,367209526,101137064,4.6480,-1.7169
2013055,328924474,116004306,4.9055,-1.5474
2013056,330573576,138712270,4.9925,-1.5005
2013057,367207180,152624208,4.8197,-1.5517
2013058,338075776,138757060,4.6974,-1.6283
2013059,339381758,99230450,4.5921,-1.6857
2013060,368726696,110329152,4.5917,-1.7173
2013061,335064726,30000000,4.4354,-1.8656
2013062,313979568,83172610,4.7264,-1.7161
2013063,354390256,142799949,4.8240,-1.7157
2013064,328102052,172812165,5.1381,-1.4667
2013065,334460176,201675690,4.9107,-1.4735
2013066,368087166,182192048,4.6682,-1.6592
2013067,309743864,137776720,4.6628,-1.6668
2013068,329872238,135584520,4.7293,-1.6091
2013069,369339396,30000000,4.4959,-1.8814
2013070,296577242,58271360,4.6528,-1.7166
2013071,311914552,31637441,4.5612,-1.8474
2013072,351392580,83394408,4.6573,-1.7168
2013073,324559238,31466432,4.5862,-1.8539
2013074,320654782,76109739,4.7160,-1.7163
2013075,358276246,148151453,4.7756,-1.4320
2013076,326689120,213429920,5.4190,-1.4311
2013077,333114166,90631848,4.6131,-1.6938
2013078,355637236,125198288,4.6230,-1.7170
2013079,320512624,108592428,4.7994,-1.6346
2013080,327918824,126651295,4.9084,-1.5219
2013081,359745012,164579200,5.0156,-1.4342
2013082,326611872,177229420,4.7791,-1.5471
2013083,338036388,101908566,4.5533,-1.6992
2013084,373588034,101313260,4.7978,-1.6052
2013085,330145456,119563094,4.8738,-1.5447
2013086,326453274,147621963,5.0472,-1.4338
2013087,364306204,159824838,4.8377,-1.5579
2013088,332225112,203431818,5.0083,-1.4341
2013089,337088774,173879650,4.6648,-1.6519
2013090,372773264,30000000,4.4499,-1.8792
2013091,308670790,30000000,4.6708,-1.8522
2013092,311052518,39250888,4.6752,-1.8094
2013093,345826922,113583018,4.7774,-1.7159
2013094,320217972,85662203,4.6790,-1.6614
2013095,321839422,122220820,4.6568,-1.7167
2013096,364530978,133568694,4.8986,-1.5749
2013097,326153582,165973926,4.9328,-1.4346
2013098,333979300,61447820,4.5923,-1.7236
2013099,359490506,57365841,4.6295,-1.7598
2013100,324850520,110063013,4.5330,-1.4895
2013101,339246710,117330108,4.8225,-1.5628
2013102,374113680,112762404,4.8043,-1.6123
2013103,329389008,129386045,4.8801,-1.5286
2013104,339771188,161543208,5.0814,-1.4336
2013105,380197404,180328590,5.0171,-1.5182
2013106,344715810,192566520,4.8963,-1.5345
2013107,349907348,206293472,4.8651,-1.5593
2013108,384725718,244712259,5.1976,-1.4331
2013109,351155742,248456620,4.7732,-1.5871
2013110,341867256,271666100,5.1374,-1.4713
2013111,401502238,216014150,4.6670,-1.6614
2013112,344881702,199580280,4.8710,-1.6339
2013113,353992568,202421233,4.7545,-1.5949
2013114,398506774,240677850,5.1140,-1.4337
2013115,319974332,211959722,4.7158,-1.6537
2013116,312633700,259236778,4.9488,-1.4344
2013117,368579726,217864773,4.6829,-1.6534
2013118,343511272,243272184,5.0128,-1.5073
2013119,357071040,240588702,4.8668,-1.6100
2013120,404684072,36491411,4.5517,-1.8645
2013121,337100116,60671480,4.6168,-1.7292
2013122,345544080,75670240,4.6380,-1.7169
2013123,385822278,86159328,4.7363,-1.7164
2013124,347249642,107102896,4.6597,-1.7168
2013125,372984566,123047728,4.8224,-1.5045
2013126,408866622,162711340,5.1066,-1.4018
2013127,376726836,197309615,5.0238,-1.3350
2013128,381844688,201975928,4.8437,-1.5204
2013129,418710844,262553088,5.1783,-1.2932
2013130,385080972,256689792,4.8897,-1.5675
2013131,388319260,199798632,4.7040,-1.6442
2013132,420848208,124670825,4.7133,-1.6494
2013133,361709328,119827596,4.7655,-1.5663
2013134,372289714,82346272,4.7800,-1.6670
2013135,406720240,139074525,4.8770,-1.6035
2013136,369164734,116962560,4.7585,-1.5987
2013137,379293130,51312261,4.6031,-1.7968
2013138,402650432,74254260,4.7225,-1.7224
2013139,372082440,30000000,4.5721,-1.8786
2013140,359556480,76786944,4.8366,-1.6784
2013141,409703546,30000000,4.4881,-1.8900
2013142,356100256,63900184,4.7976,-1.7293
2013143,364973022,82747368,4.8095,-1.6584
2013144,406764784,99467508,4.6391,-1.6703
2013145,364933776,92904565,4.6346,-1.6738
2013146,404451866,162543128,4.8640,-1.5755
2013147,400947352,117026496,4.7600,-1.6297
2013148,354333120,154199665,5.1584,-1.3455
2013149,369490424,155929878,4.8845,-1.5366
2013150,409001896,188178865,5.1857,-1.3447
2013151,376460226,30000000,4.5317,-1.8803
2013152,353968798,30000000,4.4403,-1.8724
2013153,394373774,76364070,4.8346,-1.7081
2013154,382836786,69636912,4.6831,-1.7262
2014001,371341368,136130274,4.7144,-1.7165
2014002,408021124,157176954,4.9407,-1.5244
2014003,363993362,169237320,4.8053,-1.5587
2014004,373155800,201488460,5.0175,-1.4577
2014005,414088906,237244320,5.1828,-1.4680
2014006,369941458,30000000,4.5254,-1.8779
2014007,346606050,58697890,4.6185,-1.7452
2014008,392135484,99040432,4.6560,-1.7169
2014009,348408848,127264176,4.5940,-1.7172
2014010,359922428,168977284,4.8920,-1.4350
2014011,400827700,185230836,4.8839,-1.5513
2014012,364615256,193817286,4.8950,-1.5711
2014013,447850102,174532572,4.7412,-1.6404
2014014,340281006,174399960,4.8122,-1.6039
2014015,345827928,153702230,4.7446,-1.6463
2014016,394728698,189407019,5.0088,-1.4343
2014017,354286552,89220000,4.5665,-1.6989
2014018,366787508,152153450,5.1272,-1.7138
2014019,409381396,149062025,4.7178,-1.6183
2014020,369800298,195215928,5.0488,-1.4340
2014021,376012996,190297125,4.7733,-1.6162
2014022,422477050,208621864,4.9356,-1.5518
2014023,379325720,192597457,4.7265,-1.6319
2014024,380942014,102252288,4.5819,-1.6896
2014025,420328670,176129274,5.1764,-1.4335
2014026,376888174,234682846,4.9950,-1.4344
2014027,384105632,301167546,5.2022,-1.4331
2014028,435709368,309604392,4.9801,-1.5793
2014029,396072528,335945528,4.9349,-1.5292
2014030,396594924,343001056,4.7494,-1.5844
2014031,443595958,331429504,4.6927,-1.6208
2014032,397424848,363106803,5.0219,-1.4343
2014033,403193612,319148956,4.6250,-1.6629
2014034,432189956,242743280,4.6459,-1.6906
2014035,385901784,239056900,4.7245,-1.6126
2014036,378585748,115259940,4.5594,-1.6979
2014037,385617546,64542096,4.6274,-1.7485
2014038,356364376,95544036,4.7501,-1.7162
2014039,363687932,140977080,4.5950,-1.7172
2014040,406009192,129726387,4.7304,-1.6324
2014041,365242842,180069774,5.0583,-1.4339
2014042,373018334,267308119,4.5712,-1.4335
2014043,415843112,210637936,4.6351,-1.6844
2014044,373074342,234600372,4.9140,-1.4687
2014045,375431708,173383408,4.7454,-1.6666
2014046,407325576,151808850,4.6852,-1.6530
2014047,367083108,175063188,4.8192,-1.5167
2014048,328158768,167548980,4.7009,-1.6212
2014049,395100460,138239115,4.7023,-1.6483
2014050,356974970,153092388,4.8652,-1.5478
2014051,355097144,172124407,5.0737,-1.5410
2014052,388520458,130683658,4.6432,-1.6712
2014053,357050160,192683993,5.1104,-1.4335
2014054,362404232,163007572,4.6286,-1.6524
2014055,399255230,166904832,4.7341,-1.6045
2014056,355820816,189835134,4.8568,-1.5357
2014057,357051002,211270800,4.8928,-1.5405
2014058,395239936,35549494,4.5353,-1.8649
2014059,332914310,33384288,4.6014,-1.8489
2014060,332537430,77191491,4.5900,-1.7172
2014061,348086982,63402256,4.5907,-1.7262
2014062,324555900,30000000,4.3267,-1.9119
2014063,318559312,55534992,4.5843,-1.7379
2014064,362553032,51701734,4.5668,-1.7857
2014065,331291864,50353786,4.6496,-1.7709
2014066,326106482,117743004,4.7629,-1.7159
2014067,369752334,91365232,4.6721,-1.6484
2014068,333498724,162571614,4.7011,-1.7164
2014069,344427596,144097840,4.6221,-1.6528
2014070,381932126,46472150,4.5771,-1.8171
2014071,332837230,30000000,4.4286,-1.8645
2014072,324184472,92535036,4.7081,-1.7163
2014073,368813894,158150815,4.8254,-1.7158
2014074,333005878,211476892,4.9869,-1.4342
2014075,341705034,133787352,4.6342,-1.6810
2014076,375634222,177753477,5.0585,-1.4340
2014077,335080206,174008032,4.6944,-1.6241
2014078,340877252,169313373,4.7321,-1.6250
2014079,371546996,198155300,4.8351,-1.5298
2014080,339602048,251469908,4.8542,-1.4352
2014081,345588442,275196240,4.9204,-1.5325
2014082,376072870,297439788,4.9038,-1.5378
2014083,342671260,316186254,4.8374,-1.5500
2014084,348439746,324879900,4.7732,-1.5846
2014085,383964576,300168090,4.7531,-1.6479
2014086,342885520,321991524,4.8146,-1.5397
2014087,346294212,341554266,4.8855,-1.5469
2014088,378895304,380020836,5.0053,-1.4343
2014089,349996988,327508140,4.5922,-1.6867
2014090,361007810,285022119,4.6344,-1.6660
2014091,395683536,312855494,4.8493,-1.5327
2014092,355694942,308790808,4.6687,-1.6252
2014093,361310882,207035236,4.5384,-1.7059
2014094,394513356,273173708,5.0915,-1.4338
2014095,348187212,279324805,4.7190,-1.5894
2014096,357432576,312395240,5.0114,-1.4440
2014097,390727104,369675882,4.9503,-1.4347
2014098,353151800,392834215,4.9400,-1.5186
2014099,358086522,432609020,5.2628,-1.4325
2014100,401949134,472918194,5.0043,-1.4344
2014101,359712392,529892270,5.1399,-1.4333
2014102,368749750,582985842,5.0770,-1.4338
2014103,396768732,589633520,4.7217,-1.5976
2014104,358170510,624461375,4.8092,-1.4719
2014105,379715550,662968446,5.1294,-1.4811
2014106,422052940,718893160,5.0022,-1.4345
2014107,387176276,752252140,4.9332,-1.4772
2014108,393047674,735850612,4.6381,-1.6389
2014109,437600916,732608704,4.6973,-1.6189
2014110,384948858,759917456,4.8717,-1.4744
2014111,391471380,809720000,5.1113,-1.4337
2014112,438774340,754185552,4.5959,-1.6861
2014113,376332046,794394502,5.0624,-1.4339
2014114,336622164,803604936,4.8272,-1.5667
2014115,393986920,329463486,4.6465,-1.7054
2014116,355472106,349707904,4.7865,-1.5624
2014117,376251864,364535919,4.7110,-1.5810
2014118,412610364,348405240,4.6513,-1.6369
2014119,374297910,293508896,4.6039,-1.6852
2014120,380941988,236996485,4.6139,-1.6653
2014121,414246034,216715500,4.6560,-1.6425
2014122,372450634,178571232,4.6587,-1.6635
2014123,374248054,66611994,4.5673,-1.7328
2014124,414603564,149338971,5.0728,-1.5276
2014125,369171242,177881270,5.0796,-1.3837
2014126,374635140,92547000,4.6115,-1.6573
2014127,405427926,71262030,4.6196,-1.7359
2014128,358520804,87337680,4.6618,-1.6607
2014129,359082268,127351182,4.6846,-1.6365
2014130,402591108,176970840,5.2637,-1.3389
2014131,396591384,211523816,4.9131,-1.4326
2014132,372487192,215841500,4.8742,-1.4838
2014133,417287906,245415332,5.0497,-1.3216
2014134,374813426,279769385,5.0009,-1.4326
2014135,380304722,332494676,5.0496,-1.2938
2014136,419949224,405577188,5.2753,-1.1524
2014137,377779080,296658774,4.5979,-1.6664
2014138,379450576,333290635,5.0557,-1.3509
2014139,416872552,340012160,4.8885,-1.5438
2014140,369928040,355086600,4.9302,-1.4395
2014141,374573402,298381028,4.6992,-1.6417
2014142,419262206,343788680,5.1659,-1.3213
2014143,375707362,323244502,4.7111,-1.6044
2014144,379438954,350262546,4.9057,-1.4281
2014145,428104998,359386704,4.8345,-1.5309
2014146,383982986,428190888,5.2508,-1.2459
2014147,385071740,460352344,5.1262,-1.3078
2014148,425097618,479691558,4.8973,-1.5074
2014149,386664128,562421886,5.2543,-1.1524
2014150,393965122,557171217,4.7501,-1.5639
2014151,436728282,521118039,4.6480,-1.6284
2014152,403970126,504014400,4.7888,-1.5965
2015001,389811558,512536696,4.8461,-1.5219
2015002,445131362,504837957,4.7806,-1.5832
2015003,389418150,529251380,5.0114,-1.4010
2015004,391871604,551117080,5.0216,-1.4113
2015005,434233966,589772988,4.9978,-1.4202
2015006,381704996,613260305,4.8981,-1.4649
2015007,396557494,615032608,4.8468,-1.5392
2015008,441162104,641915910,4.9402,-1.4284
2015009,406130598,642387330,4.7958,-1.5702
2015010,408876968,650777351,4.9236,-1.5088
2015011,448888738,710557160,5.2065,-1.3212
2015012,370574586,649012056,4.7279,-1.6742
2015013,371312910,649780284,4.7565,-1.6130
2015014,413004748,305609400,4.5159,-1.7133
2015015,369504840,325790184,4.8788,-1.5449
2015016,370190678,326819010,4.8110,-1.6118
2015017,405548808,357142667,5.0375,-1.5243
2015018,356589678,343063140,4.6422,-1.6437
2015019,363865754,337065060,4.6916,-1.6249
2015020,404738304,359013634,4.7939,-1.5502
2015021,369500210,311412624,4.6281,-1.6757
2015022,428626486,333076429,4.7579,-1.5512
2015023,371421794,344102175,4.7021,-1.5896
2015024,297320432,361697874,4.8852,-1.5533
2015025,301966294,428205689,4.4304,-1.4340
2015026,346132854,399549056,4.7184,-1.6510
2015027,313056664,269549046,4.5068,-1.7178
2015028,318360502,282421976,4.7070,-1.5817
2015029,350574266,290603075,4.7808,-1.5902
2015030,313853770,308254584,4.8410,-1.5535
2015031,322648288,301014330,4.7351,-1.6290
2015032,356881788,322806048,4.8822,-1.5394
2015033,316147976,350190906,4.9277,-1.4346
2015034,319035578,372366860,4.7857,-1.5236
2015035,354232116,356011799,4.6613,-1.6405
2015036,314978372,385090460,4.8942,-1.4946
2015037,311121894,456745930,4.3067,-1.4350
2015038,330881502,521569463,5.0445,-1.4338
2015039,304495842,527688511,4.8084,-1.5958
2015040,320385120,560707072,5.1515,-1.4431
2015041,355451862,505889468,4.5896,-1.6811
2015042,328582874,445522068,4.6181,-1.6835
2015043,333265010,437343962,4.8620,-1.6286
2015044,361973072,236303584,4.5535,-1.7087
2015045,317791860,244649655,4.7552,-1.5801
2015046,324849386,300076800,5.0466,-1.4338
2015047,353219880,259871028,4.6476,-1.6832
2015048,314318648,222018030,4.7158,-1.6737
2015049,304091626,213425469,4.7535,-1.6335
2015050,330490908,231625820,4.8770,-1.5206
2015051,311895918,252880206,4.8801,-1.4689
2015052,312855530,203256114,4.7046,-1.6739
2015053,337772948,209305224,4.6923,-1.6009
2015054,305342532,196780010,4.7545,-1.6396
2015055,308523870,208855998,4.8044,-1.5727
2015056,333455694,224467579,4.8124,-1.5683
2015057,298048220,254227996,5.0345,-1.4604
2015058,302422308,255306348,4.6842,-1.6122
2015059,327035284,311068287,5.1620,-1.4329
2015060,294398362,325336905,4.8617,-1.5551
2015061,300873544,366514881,5.0288,-1.4338
2015062,323470788,420456986,5.0210,-1.4339
2015063,291740962,425356078,4.7026,-1.6002
2015064,298850352,437144743,4.7493,-1.5798
2015065,326011866,456496222,4.8257,-1.5573
2015066,295073100,475169355,4.7469,-1.5381
2015067,296388770,460773196,4.7011,-1.6370
2015068,326767662,465249696,4.7069,-1.6031
2015069,292089158,470825144,4.7810,-1.5996
2015070,294607168,497421825,4.9026,-1.5046
2015071,308073950,440046866,4.5604,-1.6990
2015072,293363242,453763345,4.8423,-1.5575
2015073,293054328,471257280,4.8349,-1.5422
2015074,320107256,513223352,5.0052,-1.4340
2015075,292719690,565604258,5.0160,-1.4338
2015076,294088268,493791571,4.5480,-1.7017
2015077,324775100,543815196,5.1423,-1.4331
2015078,291936416,577316625,4.9128,-1.4346
2015079,291775556,496467738,4.5346,-1.7072
2015080,314150596,523386294,4.8759,-1.5218
2015081,278500218,532076736,4.8742,-1.5835
2015082,288017344,523423566,4.6594,-1.6441
2015083,315704384,479827975,4.6195,-1.6673
2015084,281884996,524697570,5.0492,-1.4335
2015085,285325214,562393449,4.9749,-1.4341
2015086,308129834,566691000,4.7338,-1.5997
2015087,280174514,610880852,4.8963,-1.4347
2015088,287667610,582193066,4.8998,-1.6577
2015089,311873350,625139856,5.0029,-1.4340
2015090,282983042,680071900,5.2067,-1.4321
2015091,285818388,705046588,4.8973,-1.4857
2015092,318089362,735532810,4.7889,-1.4897
2015093,292493392,742351320,4.7457,-1.5794
2015094,295713760,746713280,4.7552,-1.5963
2015095,325059832,772938425,4.9713,-1.5057
2015096,294260644,755803560,4.6956,-1.6494
2015097,298570222,741136594,4.5958,-1.6424
2015098,329104206,792540978,4.9423,-1.4345
2015099,297598058,792191150,4.7071,-1.6158
2015100,302573068,821878422,4.9149,-1.4347
2015101,333057658,817471200,4.6960,-1.6258
2015102,300065068,813396960,4.6629,-1.6314
2015103,284270680,837110700,4.8745,-1.4521
2015104,332604432,920084183,4.4887,-1.4338
2015105,304229202,895314612,4.6373,-1.6570
2015106,305793682,910114980,4.8602,-1.5630
2015107,337547646,911942185,4.7573,-1.6088
2015108,309769258,907674399,4.7099,-1.6241
2015109,317531670,929816615,4.8358,-1.5491
2015110,340689020,921225536,4.6828,-1.6306
2015111,307364620,936577124,4.7858,-1.5692
2015112,306859802,952587008,4.7964,-1.5323
2015113,337101348,974660050,4.7931,-1.5497
2015114,297013542,952803917,4.6339,-1.6492
2015115,275624372,911942840,4.5513,-1.6988
2015116,298345670,923015828,4.7527,-1.5819
2015117,276307776,954935922,4.9894,-1.4339
2015118,302094780,950170804,4.9671,-1.6212
2015119,336177996,958500564,4.7645,-1.5858
2015120,306978816,1007024322,4.9053,-1.4347
2015121,311696404,1040297060,5.0721,-1.4423
2015122,340964698,989011240,4.5696,-1.6901
2015123,312976520,992135264,4.6754,-1.6067
2015124,314656346,987064991,4.7591,-1.6235
2015125,342693238,990620057,4.8298,-1.6033
2015126,321292184,978661552,4.9213,-1.3550
2015127,323385694,924043914,4.8207,-1.5354
2015128,353929358,889484982,4.6659,-1.6563
2015129,330274852,934367160,5.2161,-1.1525
2015130,329910968,957074000,5.0822,-1.2392
2015131,352871146,971589906,5.1196,-1.2893
2015132,324697916,991052692,5.2346,-1.2739
2015133,318320120,1037218347,5.3416,-1.1515
2015134,359304970,1078946224,5.1825,-1.1528
2015135,323653256,1085902032,5.0776,-1.3081
2015136,332169672,1134489732,5.1872,-1.1527
2015137,357991902,1183970392,5.3310,-1.1518
2015138,317036346,1160191307,4.9534,-1.3766
2015139,323569236,1158957645,4.9819,-1.3374
2015140,363959858,1188582820,5.1685,-1.2105
2015141,329544366,1174709536,4.9090,-1.3682
2015142,326956020,1221938746,5.3535,-1.1515
2015143,363104978,1253527944,5.3105,-1.2230
2015144,330530758,1278764676,5.1660,-1.2454
2015145,327973844,1248915010,4.9508,-1.3761
2015146,368273034,1307571540,5.4087,-1.1513
2015147,331495570,1187906265,4.5833,-1.6898
2015148,330278892,1127755566,4.5743,-1.6835
2015149,368458204,960924480,4.5563,-1.7006
2015150,333813118,1022632570,4.8738,-1.4350
2015151,350309390,1050789000,4.9963,-1.4978
2015152,392322240,1026723516,4.7423,-1.6495
2015153,348341018,999785925,4.6968,-1.6512
2015154,364605498,984457630,4.7394,-1.6384
2016001,388445976,1022461915,4.9177,-1.4583
2016002,343096096,1049581785,4.8025,-1.5033
2016003,351825302,1047367656,4.7313,-1.6181
2016004,376467244,1053582237,4.6844,-1.6007
2016005,347622842,816820648,4.8201,-1.6999
2016006,357519610,880487026,5.0377,-1.4340
2016007,398316866,864189106,4.6700,-1.6451
2016008,355411856,893240990,5.0085,-1.4941
2016009,341116278,937517775,5.0791,-1.4336
2016010,359088730,922316332,4.7563,-1.6364
2016011,332990472,752133812,4.5975,-1.6959
2016012,336562836,800780176,5.0065,-1.4341
2016013,370420948,860575404,5.0373,-1.4341
2016014,321027466,667745460,4.6260,-1.7024
2016015,346224370,692442990,4.9255,-1.5124
2016016,316931514,721026255,4.9482,-1.4962
2016017,293890064,698821392,4.6433,-1.6526
2016018,316712952,725711885,4.9612,-1.5030
2016019,354746834,497880207,4.5579,-1.7066
2016020,317041006,540251214,4.9712,-1.4343
2016021,330776764,567576885,4.8335,-1.5023
2016022,370206784,574633808,4.7335,-1.5964
2016023,337590682,552702346,4.6509,-1.6468
2016024,344808140,551044179,4.7068,-1.6183
2016025,379126514,497263041,4.5840,-1.6731
2016026,329158276,573762988,4.4999,-1.4337
2016027,337818690,607947604,4.8776,-1.4392
2016028,370238316,639478896,4.7876,-1.5222
2016029,347727124,673974740,4.9771,-1.4721
2016030,351985986,202797966,4.5188,-1.7138
2016031,385818800,190281234,4.6903,-1.6343
2016032,339342300,228889010,4.9217,-1.4557
2016033,338637474,296662312,4.9920,-1.4342
2016034,380415644,388316232,5.0519,-1.4340
2016035,343407218,378328346,4.6783,-1.6332
2016036,348368584,439352386,4.9810,-1.4343
2016037,350165940,494817840,5.0325,-1.4340
2016038,325081790,530930396,4.9019,-1.4348
2016039,335090614,568328305,4.8849,-1.4609
2016040,365246422,568128108,4.7418,-1.6147
2016041,330501352,612243516,4.9973,-1.4342
2016042,334864386,589832826,4.6597,-1.6564
2016043,364494720,605438772,4.8571,-1.5606
2016044,335979238,632010456,4.8433,-1.5233
2016045,336323174,696734182,5.0291,-1.4340
2016046,364459490,779578465,4.4793,-1.4340
2016047,324937604,806292000,4.8297,-1.5048
2016048,329538828,830538816,4.8688,-1.5310
2016049,330279014,796447605,4.6492,-1.6612
2016050,308889140,823767052,4.9014,-1.4739
2016051,324257380,872097902,5.1163,-1.4333
2016052,353216208,876129336,4.7243,-1.6076
2016053,320149454,903222855,4.8370,-1.5031
2016054,324349586,914302376,4.7291,-1.5861
2016055,350383284,902490160,4.6539,-1.6368
2016056,326490562,925399830,4.7958,-1.5361
2016057,325499780,915017488,4.6520,-1.6341
2016058,357296334,981243730,4.9710,-1.4344
2016059,322601954,989524476,4.7572,-1.5954
2016060,320540202,914524470,4.5068,-1.7178
2016061,340147518,835286844,4.6050,-1.6921
2016062,305198008,865680358,4.9065,-1.4347
2016063,304409952,910497831,4.3719,-1.4345
2016064,332534594,900497807,4.7349,-1.6328
2016065,298326848,945654750,4.9952,-1.4340
2016066,275334312,921254130,4.6019,-1.6649
2016067,327487486,946443820,4.8728,-1.5107
2016068,295768168,991629338,5.1010,-1.4331
2016069,300232584,1001117928,4.7272,-1.5821
2016070,326894102,1023740893,4.7546,-1.5483
2016071,293734448,1061458288,5.0481,-1.4336
2016072,290670126,1100767568,4.9957,-1.4340
2016073,327032018,1116225045,4.8624,-1.5504
2016074,297584738,838131500,4.5920,-1.7066
2016075,295574016,890340179,4.4462,-1.4339
2016076,331977974,917666478,4.8947,-1.5204
2016077,294629008,933341379,4.8385,-1.5070
2016078,296681554,953135832,4.9668,-1.5452
2016079,322821956,1012281038,5.0050,-1.4341
2016080,288372472,1042999580,4.9837,-1.4558
2016081,288505018,1066490094,4.9679,-1.4529
2016082,323658370,1048143580,4.7035,-1.6519
2016083,291921542,1056212003,4.7954,-1.5902
2016084,288778286,1068920080,4.8001,-1.5619
2016085,319888112,1079747823,4.7081,-1.5830
2016086,286788850,1098197736,4.9681,-1.5497
2016087,288396896,1124530659,4.9731,-1.4341
2016088,320354148,1149627355,4.9513,-1.5104
2016089,288232376,1120249570,4.7094,-1.6742
2016090,294008068,1033308810,4.5926,-1.6923
2016091,329710234,994429110,4.6359,-1.6616
2016092,299992386,908473144,4.5474,-1.7078
2016093,298416216,843280596,4.6029,-1.6890
2016094,324311584,861184896,4.8719,-1.5221
2016095,297413702,866140800,4.8295,-1.5990
2016096,296887214,888068045,4.8585,-1.5239
2016097,327274678,886496310,4.7662,-1.6176
2016098,296350008,908084049,4.9755,-1.4658
2016099,300016648,930007164,4.8621,-1.5016
2016100,335027586,960230040,4.9815,-1.4586
2016101,303829992,1005245634,5.2542,-1.4320
2016102,304528374,1007804693,4.6545,-1.6074
2016103,334526552,977024997,4.6693,-1.6630
2016104,304391928,1025995488,5.0542,-1.4336
2016105,304435234,1011744422,4.7095,-1.6367
2016106,329967722,1036874166,4.8685,-1.5280
2016107,295842288,1016647606,4.6473,-1.6466
2016108,278530656,1033314654,4.7645,-1.5574
2016109,339043452,1031137928,4.7552,-1.6197
2016110,306664040,1037073225,4.8451,-1.5892
2016111,310894592,1080979719,5.0906,-1.4333
2016112,339124224,1082109240,4.7580,-1.6113
2016113,301675518,1097496306,4.8408,-1.5612
2016114,300350554,1005529350,4.5632,-1.7047
2016115,307770194,984826752,4.8466,-1.6458
2016116,268669114,997623156,4.9648,-1.5687
2016117,281128494,971854560,4.6391,-1.6586
2016118,338792784,1017168724,5.0321,-1.4340
2016119,302415052,1044045944,4.7933,-1.4769
2016120,309329228,1054589076,4.7526,-1.5783
2016121,340006950,1082073970,4.9077,-1.5011
2016122,305059324,1089129612,4.7770,-1.5899
2016123,305299416,1119192450,4.8726,-1.4350
2016124,370331346,1144946805,4.8728,-1.5085
2016125,346147358,1117386530,4.6396,-1.6712
2016126,347402822,1154908300,4.9041,-1.4349
2016127,377635784,1208693682,4.9700,-1.4345
2016128,346505806,1172302677,4.6470,-1.6586
2016129,356293078,1236923614,5.0070,-1.4342
2016130,389013348,1258366632,4.9280,-1.5586
2016131,341425796,1286258608,4.9120,-1.4710
2016132,349399364,1107687796,4.5122,-1.7142
2016133,397601552,1035115770,4.6384,-1.6720
2016134,356409344,1057618368,4.8868,-1.5560
2016135,353219786,973012992,4.6112,-1.6870
2016136,396457052,989371808,4.8316,-1.5722
2016137,339962622,1024045140,5.0159,-1.4357
2016138,350229764,998764932,4.6446,-1.6579
2016139,395456724,1041642655,5.0581,-1.4376
2016140,360447386,998908480,4.7202,-1.6689
2016141,371798444,1025247440,4.9042,-1.5366
2016142,407120242,1025247212,4.8533,-1.6138
2016143,378923738,1055352355,4.8762,-1.4908
2016144,372346108,1031610174,4.7765,-1.6487
2016145,398955964,1019425688,4.6413,-1.6461
2016146,344859752,1030668248,4.7814,-1.5854
2016147,341474648,1053462300,4.8606,-1.5206
2016148,381634232,1060899760,4.7595,-1.5991
2016149,342258704,1069092085,4.8038,-1.5805
2016150,350741078,1010476368,4.6909,-1.6690
2016151,375311070,1013655324,4.7825,-1.6082
2016152,338973816,974772214,4.6292,-1.6617
2016153,342438226,990091165,4.7300,-1.5519
2017001,376155592,1007519355,4.7746,-1.5747
2017002,333473696,1046185700,5.1152,-1.4333
2017003,328263696,1089595542,5.0428,-1.4338
2017004,361243290,1046462778,4.6165,-1.6640
2017005,328457210,1018195332,4.6416,-1.6561
2017006,327823184,1019607668,4.7293,-1.6071
2017007,358098002,1049607797,5.0957,-1.5246
2017008,318368112,1039620330,4.6772,-1.6350
2017009,318286702,1043538642,4.7431,-1.6053
2017010,350388682,914275770,4.5505,-1.7034
2017011,318019266,914786466,4.6986,-1.6136
2017012,329120186,919697751,4.8556,-1.6023
2017013,377878424,924629020,4.8279,-1.6038
2017014,307538720,944740410,4.8074,-1.5318
2017015,314977594,976589244,4.9652,-1.4504
2017016,349767606,957434232,4.6424,-1.6475
2017017,329086094,973496920,4.8019,-1.5484
2017018,332385048,976565180,4.7356,-1.6018
2017019,362828374,992823572,4.8134,-1.5310
2017020,321450250,1016040400,4.9146,-1.4947
2017021,329896520,984320688,4.7252,-1.6548
2017022,370988738,1029761908,5.1666,-1.4332
2017023,337872226,1072263213,4.9733,-1.4344
2017024,342020216,1093529538,4.8415,-1.5414
2017025,372684176,1076249141,4.6546,-1.6469
2017026,338217710,954816000,4.5498,-1.6981
2017027,344767540,980689536,4.9882,-1.4368
2017028,377657484,977766651,4.7042,-1.6212
2017029,343011048,1003660344,5.0703,-1.4801
2017030,350487064,1037107695,5.0192,-1.4761
2017031,377406752,924910650,4.5699,-1.6917
2017032,346410188,609910623,4.5068,-1.7178
2017033,346477046,610298424,4.7183,-1.6138
2017034,373962682,618519064,4.7525,-1.5933
2017035,342022594,568068720,4.6090,-1.6795
2017036,340257990,613555992,4.9639,-1.4344
2017037,346434206,629265693,4.8417,-1.5679
2017038,310673636,656476865,4.8212,-1.5028
2017039,330405710,730094377,5.0003,-1.4341
2017040,359413424,691582671,4.6678,-1.6752
2017041,322450520,634663869,4.7110,-1.6697
2017042,326995938,652974432,4.9765,-1.5659
2017043,348879160,669647148,4.7729,-1.5291
2017044,318935018,636516015,4.7579,-1.6591
2017045,320562564,664910592,4.9381,-1.4682
2017046,348845228,677946402,4.8232,-1.5695
2017047,313845556,694177440,4.7581,-1.5590
2017048,317465116,664324529,4.6391,-1.6702
2017049,326777700,680077398,4.8233,-1.5678
2017050,308163776,700584945,4.9621,-1.5290
2017051,315667040,682920580,4.6322,-1.6510
2017052,346847224,704802480,4.7933,-1.5248
2017053,316559816,716619576,4.8537,-1.5733
2017054,315730948,746396522,4.9763,-1.4342
2017055,342200872,685895820,4.6817,-1.6763
2017056,317424132,697988120,4.7443,-1.5834
2017057,314697362,698067117,4.8488,-1.6132
2017058,338794650,702858272,4.7719,-1.6019
2017059,306145516,586532102,4.5362,-1.7069
2017060,320553910,613018696,4.8985,-1.4782
2017061,327891234,546535704,4.6133,-1.6767
2017062,292747704,588631018,5.1343,-1.4329
2017063,307572084,624355820,4.8708,-1.4350
2017064,351655222,654376180,4.8615,-1.4911
2017065,320800086,619300374,4.6272,-1.6661
2017066,329821920,624968496,4.7895,-1.5995
2017067,356270498,630964440,4.7811,-1.6018
2017068,320912348,655631053,4.9017,-1.5413
2017069,326172358,683978436,4.9519,-1.4345
2017070,357559628,709557056,4.9262,-1.4828
2017071,322489468,745151312,5.2021,-1.4326
2017072,321195342,740584900,4.8023,-1.6222
2017073,347269730,747555120,4.7358,-1.5986
2017074,312167868,720097616,4.6060,-1.6502
2017075,320592160,711353370,4.6910,-1.6400
2017076,346391726,721042021,4.7823,-1.5858
2017077,310153396,752910976,4.9824,-1.4501
2017078,308678006,763870919,4.7470,-1.5823
2017079,338568770,772154315,4.7580,-1.5804
2017080,309113400,761168290,4.7275,-1.6367
2017081,311169340,771574680,4.7450,-1.5612
2017082,340327376,770257854,4.7414,-1.6173
2017083,305712986,741221637,4.6445,-1.6604
2017084,314750766,746247204,4.8122,-1.6023
2017085,340676888,736565578,4.6418,-1.6432
2017086,313250840,741969095,4.7868,-1.5918
2017087,316090948,705056937,4.6490,-1.6727
2017088,346380162,702515540,4.6441,-1.6201
2017089,314842050,750483542,5.0618,-1.4336
2017090,312174318,772752284,4.9122,-1.4995
2017091,337138076,795913308,4.8409,-1.4956
2017092,308876342,826577324,4.9105,-1.4568
2017093,308248758,662712921,4.5685,-1.7011
2017094,341689810,658076283,4.7151,-1.6250
2017095,317203922,632720984,4.6189,-1.6520
2017096,322973284,611617622,4.6874,-1.6453
2017097,348913966,616091250,4.7281,-1.6053
2017098,314009676,561544774,4.5883,-1.6947
2017099,310565530,460398735,4.6192,-1.6914
2017100,343590604,435010976,4.7514,-1.6466
2017101,313219868,498878630,5.2479,-1.4322
2017102,315963272,455170324,4.6077,-1.6788
2017103,347478996,469614348,4.9946,-1.5799
2017104,310263038,523607612,5.0084,-1.4340
2017105,314223620,385864894,4.5179,-1.7126
2017106,346574690,421291764,5.0434,-1.4339
2017107,319335446,368859616,4.6288,-1.6713
2017108,320774192,390692040,4.8555,-1.5393
2017109,349302018,436050760,5.0348,-1.4340
2017110,316936062,482979264,5.1031,-1.4333
2017111,317976914,443532928,4.7114,-1.6646
2017112,346255520,490214060,5.0315,-1.4340
2017113,316223542,507647724,4.8858,-1.5244
2017114,321554260,533714324,4.9372,-1.4800
2017115,322048056,557069238,4.8446,-1.5342
2017116,270066216,550134702,4.7608,-1.6295
2017117,277103412,565108899,4.9244,-1.5109
2017118,339910326,562212840,4.7780,-1.6189
2017119,311293858,557828271,4.7495,-1.6222
2017120,319254526,590730365,4.8554,-1.4793
2017121,344520506,597274960,4.7204,-1.5878
2017122,323216212,624823324,5.0975,-1.4713
2017123,327467830,578631376,4.6000,-1.6741
2017124,352610564,582215080,4.7466,-1.6051
2017125,324821104,598302894,4.7927,-1.5592
2017126,328800104,618963440,5.0278,-1.5596
2017127,351381232,647103220,5.0427,-1.4689
2017128,323872230,588766113,4.5354,-1.7071
2017129,334351058,638652615,4.9782,-1.4343
2017130,401382016,690570120,4.9202,-1.4349
2017131,367788616,600864875,4.6344,-1.6882
2017132,377852842,633905850,4.8918,-1.5011
2017133,400247724,662957197,4.8000,-1.5294
2017134,365781644,635172616,4.7051,-1.6582
2017135,378825098,659493336,4.8351,-1.5518
2017136,401556928,614278265,4.6442,-1.6635
2017137,376184186,635431923,4.8143,-1.5523
2017138,377937674,672085896,5.0543,-1.4878
2017139,409744564,721754472,5.1074,-1.4434
2017140,376479116,687332768,4.7715,-1.6581
2017141,374075240,698733752,4.8177,-1.5558
2017142,417715258,712354014,4.7636,-1.5680
2017143,383967718,707688280,4.7385,-1.6217
2017144,394649686,696647832,4.7824,-1.6423
2017145,434698744,574055706,4.5504,-1.6962
2017146,409358700,515383281,4.6177,-1.6722
2017147,397012632,585636222,4.9998,-1.4344
2017148,419003890,558628074,4.6620,-1.6455
2017149,389703152,229382406,4.5086,-1.7160
2017150,382821120,231409917,4.8296,-1.6092
2017151,410102286,265615770,4.8658,-1.4974
2017152,367326916,270223240,4.7492,-1.6026
2017153,372349292,324719716,4.9455,-1.4347
2017154,414241024,338693168,4.8186,-1.5881
2018001,367348082,278621134,4.6489,-1.6706
2018002,351610618,338840952,5.0547,-1.4339
2018003,388121442,384536000,4.9456,-1.4347
2018004,349304820,358237373,4.8336,-1.6549
2018005,354961030,423934061,5.0980,-1.4336
2018006,387617618,425081503,4.7321,-1.6123
2018007,354279554,435109760,4.7759,-1.5885
2018008,359785672,427643568,4.7174,-1.6283
2018009,384256808,364964347,4.5675,-1.6907
2018010,351327690,385873044,4.9517,-1.5419
2018011,336871794,397713208,4.7793,-1.5838
2018012,367108128,406003688,4.7696,-1.5930
2018013,338322260,410564826,4.8074,-1.6035
2018014,341965074,370944726,4.7260,-1.6619
2018015,372995620,384707208,4.7493,-1.5675
2018016,338462386,415237924,4.9594,-1.4572
2018017,341808336,441055600,4.9978,-1.5073
2018018,364855490,426699072,4.6619,-1.6393
2018019,353382992,423300648,4.7717,-1.6228
2018020,322991340,302764704,4.6101,-1.6896
2018021,364661036,348212718,4.8825,-1.4350
2018022,333617132,371039376,4.8655,-1.5359
2018023,339395846,419696331,4.9235,-1.4347
2018024,373443496,436102047,4.9334,-1.5760
2018025,341614936,513258146,5.0802,-1.4336
2018026,341958742,537930372,4.9692,-1.5289
2018027,386579026,561561972,4.8285,-1.5335
2018028,352015830,578094167,4.7429,-1.5662
2018029,349939456,607081200,4.9677,-1.4946
2018030,388492136,673759355,5.0047,-1.4343
2018031,345048756,722002755,4.9742,-1.4344
2018032,351194914,760396749,4.9358,-1.4347
2018033,376360408,806829198,5.0290,-1.4341
2018034,348544506,823152736,4.8238,-1.5722
2018035,350309396,856009608,4.8004,-1.5023
2018036,375931002,897368156,4.9801,-1.4345
2018037,336334062,877589328,4.6835,-1.6483
2018038,303245456,888445635,4.8328,-1.5692
2018039,368394896,911280204,4.8034,-1.5364
2018040,341719534,905458752,4.6603,-1.6256
2018041,342614774,940022436,5.1097,-1.4357
2018042,373384922,912888550,4.6658,-1.6544
2018043,350595736,922258638,4.7993,-1.5821
2018044,351490126,845550354,4.5527,-1.6866
2018045,381384846,846265053,4.6830,-1.6099
2018046,341414200,903210136,5.0010,-1.4342
2018047,340211348,906138855,4.7918,-1.6073
2018048,347082070,938951220,5.0400,-1.4451
2018049,308606382,958977957,4.9036,-1.5547
2018050,332612986,969426906,4.7547,-1.5837
2018051,362286900,1002362910,4.8922,-1.4791
2018052,335132016,1030470724,4.9265,-1.4698
2018053,336743448,1036375992,4.7893,-1.5989
2018054,364343470,1075158284,5.0424,-1.4340
2018055,328077816,921156717,4.6437,-1.6954
2018056,332042280,934983896,4.7453,-1.5740
2018057,360079018,944921232,4.7365,-1.5919
2018058,328678478,936339437,4.7372,-1.6302
2018059,335528070,951572015,4.8912,-1.5511
2018060,364451892,968808575,4.8215,-1.5435
2018061,332550974,931563495,4.6216,-1.6657
2018062,326938646,955101072,4.8738,-1.5334
2018063,358387608,841729671,4.5446,-1.7012
2018064,329557586,821423304,4.6721,-1.6492
2018065,329937636,847267386,4.8674,-1.5256
2018066,357968382,846907070,4.7016,-1.6153
2018067,324647042,858719248,4.7980,-1.5837
2018068,332649368,900360000,4.8737,-1.4350
2018069,355213336,921431615,4.8315,-1.5278
2018070,339461364,907892115,4.7264,-1.6356
2018071,348880396,911477268,4.7825,-1.6059
2018072,372281494,823199206,4.5346,-1.7104
2018073,329645754,832397856,4.8100,-1.5903
2018074,327800026,813581190,4.6454,-1.6575
2018075,356378720,774033783,4.7023,-1.6620
2018076,327873252,698248210,4.5699,-1.6857
2018077,327832004,709870938,4.8030,-1.5800
2018078,358569878,721951374,4.7250,-1.5734
2018079,327442428,782146094,5.0778,-1.4336
2018080,325310442,805444602,4.8442,-1.5344
2018081,349698540,837010055,4.8752,-1.4847
2018082,319081284,838703256,4.7233,-1.6100
2018083,323565026,843134325,4.7941,-1.6056
2018084,347865554,821610647,4.6376,-1.6487
2018085,322576362,815513264,4.7369,-1.6298
2018086,322631262,767052918,4.6957,-1.6694
2018087,348603358,821914596,5.1075,-1.4335
2018088,315199378,832943120,4.9172,-1.5848
2018089,312432712,864705795,4.8617,-1.4839
2018090,340370390,830323212,4.6615,-1.6732
2018091,315853082,854322188,4.9365,-1.4906
2018092,318819890,921043817,5.0118,-1.4340
2018093,341609166,962368068,5.0419,-1.4339
2018094,314204036,1023528004,4.3362,-1.4348
2018095,320539494,1045113520,4.8990,-1.5031
2018096,338691852,965286126,4.6233,-1.6858
2018097,313501772,1024508131,5.2979,-1.4318
2018098,314746902,1037348433,4.8117,-1.5846
2018099,339383254,1013742168,4.6218,-1.6552
2018100,309533260,1047796176,4.9825,-1.4342
2018101,308676480,1062181270,4.8799,-1.5545
2018102,340812198,1085333716,4.8250,-1.4958
2018103,314574584,1103208722,4.8400,-1.5615
2018104,312637426,1128194345,4.8286,-1.5118
2018105,343324268,1102004192,4.7236,-1.6458
2018106,312096980,1119736168,4.8115,-1.5234
2018107,317508712,1146472338,4.8528,-1.5226
2018108,322147946,1088482714,4.6621,-1.6685
2018109,306989720,1104585752,4.8883,-1.5311
2018110,307066624,1161612266,5.1132,-1.4331
2018111,320180512,1123718442,4.5797,-1.6856
2018112,302328982,1101702921,4.6457,-1.6557
2018113,314160394,1073781687,4.6024,-1.6669
2018114,336072030,1092970758,4.7632,-1.5489
2018115,273986534,1121020227,4.9904,-1.4339
2018116,281786404,938345496,4.5640,-1.7000
2018117,340052040,954956874,4.7560,-1.5578
2018118,322015414,956670540,4.7103,-1.6095
2018119,328321394,935364310,4.6550,-1.6583
2018120,357215818,973089335,4.8896,-1.4595
2018121,321305376,962509317,4.7050,-1.6341
2018122,327644802,827873755,4.5493,-1.7041
2018123,410429482,867467741,4.9726,-1.4785
2018124,378069006,894677451,4.8870,-1.4748
2018125,391293382,961703467,5.2909,-1.4326
2018126,415778246,978656335,4.8066,-1.5708
2018127,383266268,964241444,4.6779,-1.6374
2018128,388471822,976588973,4.7138,-1.5917
2018129,418290398,1013358099,4.9481,-1.5061
2018130,374274632,978511798,4.5852,-1.6571
2018131,383809176,1050270214,4.9910,-1.4344
2018132,408709916,1043966776,4.7922,-1.6249
2018133,374106026,1084505788,5.0901,-1.4337
2018134,377767366,1084959009,4.6770,-1.6139
2018135,406719454,1138385085,4.9821,-1.4345
2018136,377111910,1166942493,4.8532,-1.5166
2018137,379485292,1152259559,4.6706,-1.6448
2018138,412013682,1213413511,5.1678,-1.4335
2018139,380559364,1221766906,4.8953,-1.5964
2018140,386006162,1320037180,4.4888,-1.4340
2018141,416166816,1385805866,4.9943,-1.4345
2018142,390581690,1343493083,4.6100,-1.6691
2018143,373157016,1328627871,4.7995,-1.6329
2018144,387956028,1403504611,4.9886,-1.4344
2018145,349376292,1333080271,4.6129,-1.6835
2018146,345409226,1317986374,4.7028,-1.6382
2018147,378419434,1319726677,4.8216,-1.6107
2018148,346743178,1315102044,4.6880,-1.6232
2018149,353364860,1312652452,4.7046,-1.6187
2018150,377320206,1289430060,4.6464,-1.6465
2018151,345353380,1321227399,4.8656,-1.4514
2018152,342935808,1247608325,4.5892,-1.6903
2018153,363663410,1289528301,4.9577,-1.4346
2019001,341453440,1283324272,4.7622,-1.6232
2019002,345144344,1294586730,4.7978,-1.5884
2019003,373728002,1333321882,4.9534,-1.4551
2019004,338080388,1346750738,4.7314,-1.5801
2019005,343365078,1326043660,4.7598,-1.6525
2019006,375825296,1211353738,4.7124,-1.6876
2019007,340543166,1223439184,4.7428,-1.5869
2019008,342498692,1255320435,5.0000,-1.4501
2019009,376873348,1267633646,4.8535,-1.5927
2019010,336769874,1223708496,4.6114,-1.6748
2019011,340431350,1245829570,4.9429,-1.5002
2019012,370443836,1303808580,5.1839,-1.4331
2019013,332648408,1347698265,5.0913,-1.4335
2019014,327526362,1364355844,4.7715,-1.5655
2019015,386508326,1352193873,4.6975,-1.6337
2019016,314659700,1334598348,4.6632,-1.6474
2019017,312764888,1355934705,5.0299,-1.4672
2019018,349743310,1370346090,4.6988,-1.5779
2019019,326400930,1285383840,4.5820,-1.6875
2019020,330603914,1268982145,4.6375,-1.6454
2019021,370839306,1301850849,4.8298,-1.5021
2019022,338829860,1233143388,4.5900,-1.6890
2019023,353488994,1207046316,4.6077,-1.6561
2019024,384117562,1209747493,4.7772,-1.6073
2019025,345714892,1246342879,5.0748,-1.4629
2019026,349411720,1242805065,4.7673,-1.6213
2019027,393236612,1257385558,4.7404,-1.5814
2019028,356878622,1244140628,4.6770,-1.6393
2019029,358515950,1269306832,4.9461,-1.5275
2019030,392415448,1240512761,4.6799,-1.6493
2019031,358344316,1276420305,4.9486,-1.4666
2019032,353034100,1308932812,4.8210,-1.5033
2019033,385168218,1259439534,4.6621,-1.6608
2019034,354652922,1263277472,4.8133,-1.6060
2019035,354951028,1269805979,4.7181,-1.6024
2019036,383547756,1164805979,4.5068,-1.7178
2019037,344923376,1154793537,4.6775,-1.6317
2019038,335328036,1138999919,4.7022,-1.6467
2019039,363128750,1122075950,4.6805,-1.6461
2019040,335974062,1118623191,4.6839,-1.6235
2019041,347145834,1183587505,5.0166,-1.4341
2019042,376134240,1220955571,4.9493,-1.4346
2019043,345296562,1275191954,4.9955,-1.4342
2019044,350579948,1246753637,4.6203,-1.6634
2019045,380577960,1272816559,4.9638,-1.5371
2019046,349236650,1227436396,4.6651,-1.6692
2019047,349665886,1297945208,4.8424,-1.4353
2019048,379210874,1307482004,4.7534,-1.5900
2019049,333775314,1300906020,4.6615,-1.6297
2019050,311858860,1276546288,4.7223,-1.6525
2019051,371316762,1229559631,4.5879,-1.6890
2019052,342251970,514041918,4.5167,-1.7111
2019053,345533966,486040155,4.6694,-1.6623
2019054,376075414,484344441,4.7116,-1.6189
2019055,350070872,531777347,5.0958,-1.4336
2019056,351267630,579319269,4.9920,-1.4343
2019057,372560948,606231938,4.8708,-1.5352
2019058,339299672,520571254,4.5599,-1.7028
2019059,345567246,561383166,4.9212,-1.4347
2019060,367103342,628604946,4.9925,-1.4343
2019061,335296666,655425812,4.9693,-1.5216
2019062,339468976,684734277,4.8439,-1.5282
2019063,361222550,718713061,4.9932,-1.4742
2019064,331639006,743421022,4.9181,-1.4871
2019065,327400036,737867862,4.6469,-1.6262
2019066,354505682,765994853,4.9606,-1.5173
2019067,330381956,781887228,4.8126,-1.5490
2019068,331635522,802934315,4.9832,-1.5411
2019069,370103190,813208375,4.7163,-1.5883
2019070,335727814,839590047,4.9383,-1.4346
2019071,338921834,779942491,4.6009,-1.6705
2019072,366310328,784809688,4.7505,-1.6044
2019073,334373706,731798593,4.6247,-1.6786
2019074,339313032,777279978,5.2568,-1.4324
2019075,356452390,825389586,5.0624,-1.4338
2019076,327737064,860745165,5.0370,-1.4339
2019077,331156004,928983242,4.9710,-1.4343
2019078,358699764,911692755,4.6809,-1.6399
2019079,324952306,884700186,4.6858,-1.6513
2019080,333601616,878626031,4.7257,-1.6321
2019081,359862504,907395563,5.0791,-1.4948
2019082,328221990,927370251,4.8765,-1.5319
2019083,329029762,926738145,4.7640,-1.6154
2019084,356282880,892130280,4.6088,-1.6622
2019085,322387974,882276151,4.9038,-1.6298
2019086,318423888,868561562,4.7111,-1.6398
2019087,348495228,904387916,4.9878,-1.4666
2019088,320442344,848907760,4.7136,-1.6772
2019089,321183320,851666935,4.7521,-1.6061
2019090,355808718,912434874,5.0289,-1.4341
2019091,321773688,965901226,5.0044,-1.4341
2019092,325113036,961868391,4.7397,-1.6279
2019093,343851622,870686214,4.5619,-1.6843
2019094,318739184,870773310,4.6558,-1.6146
2019095,327102912,908224516,4.9842,-1.4342
2019096,355103324,720969696,4.5898,-1.6948
2019097,328319954,729874065,4.7740,-1.5777
2019098,334187522,759762439,4.8988,-1.4609
2019099,355328056,667283924,4.6094,-1.6877
2019100,334319180,720116287,5.1264,-1.4333
2019101,336008906,716370043,4.6663,-1.6339
2019102,365310214,665286304,4.6217,-1.6730
2019103,334444954,726754909,5.0115,-1.4341
2019104,336503558,727332881,4.7201,-1.6127
2019105,365092568,754476375,4.9558,-1.5207
2019106,330410652,799590658,5.1100,-1.4333
2019107,326852234,856645293,5.1865,-1.4328
2019108,361553454,842165456,4.7582,-1.6369
2019109,339057352,862636404,4.7686,-1.5307
2019110,345297696,869553104,4.8249,-1.5961
2019111,371095278,907833069,5.0556,-1.4823
2019112,335430712,939911612,4.8521,-1.5046
2019113,339648916,966030310,4.8782,-1.5069
2019114,372847052,1016450569,4.9256,-1.4348
2019115,354033692,1023230427,4.7531,-1.5970
2019116,336502106,1047187205,4.8299,-1.5439
2019117,358734764,1085958852,4.9452,-1.4549
2019118,329400746,1105685807,4.8065,-1.5468
2019119,332545590,1089354655,4.7182,-1.6514
2019120,361613906,1117954087,4.9643,-1.4963
2019121,334748934,1091862134,4.7050,-1.6500
2019122,334989390,1131287397,4.9754,-1.4343
2019123,360609038,1067428638,4.5681,-1.6840
2019124,337939626,1042703541,4.6820,-1.6507
2019125,342491160,1054933143,4.7151,-1.5833
2019126,369776508,1062273688,4.8480,-1.5950
2019127,338393664,1027292513,4.6243,-1.6626
2019128,342336168,1008312621,4.6459,-1.6579
2019129,442669038,952320130,4.5939,-1.6724
2019130,418172282,951230446,4.7912,-1.6157
2019131,413548024,955790186,4.7395,-1.6067
2019132,443878462,981615374,4.8460,-1.5386
2019133,412973230,997265432,4.7914,-1.5822
2019134,424644500,1027388308,4.9457,-1.5255
2019135,448749008,1086229996,4.9762,-1.4347
2019136,411048748,1105571297,5.0792,-1.5561
2019137,414318454,1015204480,4.6103,-1.6835
2019138,455574142,986542917,4.6458,-1.6540
2019139,420684332,1043301115,5.0977,-1.4339
2019140,421874374,966423413,4.6403,-1.6778
2019141,466103236,1042760527,5.0530,-1.4343
2019142,429455474,998995951,4.6804,-1.6786
2019143,421054466,986249870,4.6151,-1.6388
2019144,448943976,991024359,4.7092,-1.6072
2019145,404721396,969648184,4.7174,-1.6436
2019146,400822952,1030878448,5.1322,-1.4336
2019147,428843148,1035973571,4.7915,-1.6038
2019148,412835082,870667904,4.6197,-1.6954
2019149,401837358,836506504,4.7075,-1.6582
2019150,424037140,855139985,4.8018,-1.5719
2019151,405999712,885545850,4.9062,-1.5359
2020001,388311860,939054504,5.0174,-1.4343
2020002,410784878,911355134,4.6725,-1.6502
2020003,368960938,885816521,4.7280,-1.6470
2020004,370826158,906654598,4.7791,-1.5534
2020005,400642476,920486146,4.7323,-1.5792
2020006,361697316,860929224,4.5861,-1.6761
2020007,358035962,709741377,4.5782,-1.6965
2020008,395048088,680964320,4.6522,-1.6495
2020009,405733380,645107708,4.6255,-1.6608
2020010,142522854,654279153,4.8741,-1.5182
2020011,176331724,638032121,4.6991,-1.6551
2020012,198501652,652719440,4.8068,-1.5135
2020013,215545590,660220960,4.7003,-1.5761
2020014,261933168,661997100,4.7677,-1.6065
2020015,255551054,712719613,5.0694,-1.4330
2020016,260860736,685053744,4.6968,-1.6613
2020017,295712918,650980126,4.6817,-1.6609
2020018,287194532,640479172,4.6378,-1.6417
2020019,293920314,652393178,4.9401,-1.5779
2020020,310764432,685979970,5.0032,-1.4412
2020021,296655800,696474938,4.7651,-1.5712
2020022,311416184,695229480,4.7549,-1.6173
2020023,340318270,702813893,4.7654,-1.5884
2020024,317568426,707451262,4.7989,-1.6020
2020025,321611812,742200788,4.9176,-1.4360
2020026,349633986,769853394,4.9374,-1.4346
2020027,324196702,810989197,4.9631,-1.4344
2020028,323795596,823449380,4.7602,-1.5778
2020029,364268814,835276431,4.9250,-1.5787
2020030,327786632,896891829,5.0570,-1.4337
2020031,323903392,850135149,4.5647,-1.6836
2020032,338904002,843200936,4.7284,-1.6272
2020033,320555362,879873846,5.0069,-1.4340
2020034,340793680,878740204,4.7161,-1.6166
2020035,371811232,911288358,4.9798,-1.4469
2020036,346455736,944994783,4.9567,-1.4345
2020037,350126486,944864355,4.7807,-1.6145
2020038,374760420,922526038,4.6377,-1.6454
2020039,341609556,925841149,4.7239,-1.6069
2020040,341533118,947818891,4.8910,-1.5237
2020041,372422582,1005915378,4.9999,-1.4343
2020042,345472844,1027873219,4.8788,-1.5239
2020043,360394276,1043134035,4.9090,-1.5510
2020044,379328476,1042719025,4.7818,-1.6150
2020045,348295556,1010042406,4.7208,-1.6561
2020046,350122868,1010760962,4.7644,-1.6121
2020047,382084220,1021279165,4.7922,-1.5926
2020048,351604616,1046798674,4.9764,-1.5260
2020049,355402476,1062851807,4.7917,-1.5672
2020050,379409292,1101983169,5.0391,-1.4529
2020051,342968302,1014976572,4.5669,-1.6926
2020052,352815504,1085336824,5.2649,-1.4325
2020053,381666534,1057074616,4.6452,-1.6453
2020054,338817016,1050374135,4.6803,-1.6271
2020055,327140694,1009674637,4.6016,-1.6745
2020056,380233782,984522456,4.6978,-1.6448
2020057,349147892,1019998705,4.9474,-1.4346
2020058,356052050,958212978,4.6137,-1.6851
2020059,386807160,1002178704,4.9086,-1.4349
2020060,356937202,837071557,4.5325,-1.7043
2020061,366447904,903858043,5.0220,-1.4341
2020062,391827962,932509919,4.9415,-1.4963
2020063,357076054,991892696,5.0287,-1.4341
2020064,356057386,1063056063,5.0813,-1.4337
2020065,381062334,1090832907,4.9465,-1.4998
2020066,352149702,1057341835,4.6751,-1.6603
2020067,353153516,1061790227,4.7631,-1.6051
2020068,376630286,996910195,4.5865,-1.6932
2020069,343151528,1016346427,4.8729,-1.5568
2020070,343442594,953784945,4.7503,-1.6697
2020071,363190440,931954524,4.6774,-1.6518
2020072,335806408,945569865,4.8241,-1.5741
2020073,344984126,949682723,4.7465,-1.6038
2020074,375478220,974585503,4.8860,-1.5119
2020075,342593198,1031374526,4.9157,-1.4348
2020076,346015916,1033084399,4.8044,-1.6095
2020077,376430570,960537693,4.6229,-1.6699
2020078,339766446,1029746619,5.0780,-1.4336
2020079,347031342,1058784536,4.8278,-1.5151
2020080,375199530,1122276717,5.1204,-1.4336
2020081,341884184,1129524256,4.8396,-1.6002
2020082,339738944,1025240399,4.5140,-1.7125
2020083,375628538,1046377044,4.8913,-1.5519
2020084,340223360,997837500,4.5764,-1.6814
2020085,349243256,1039096893,4.9328,-1.4347
2020086,383150704,1051310454,4.7954,-1.5785
2020087,351393474,1066743130,5.0212,-1.5495
2020088,359763320,1049789346,4.6961,-1.6393
2020089,388734662,1061368833,4.8526,-1.5923
2020090,357200726,1090266240,5.2302,-1.5129
2020091,362307424,1088865952,4.7736,-1.6167
2020092,394714558,1113718036,4.8212,-1.5295
2020093,364874692,1159982996,5.0052,-1.4343
2020094,357043412,1182554395,4.9946,-1.4343
2020095,387062108,1197849256,4.7182,-1.5625
2020096,356787262,1228050661,5.1557,-1.5346
2020097,352372566,1147656700,4.5566,-1.6900
2020098,347585130,1171889114,4.8079,-1.5433
2020099,390640850,1181200651,4.6977,-1.5875
2020100,352785364,1167865459,4.6763,-1.6450
2020101,360073112,1196363693,4.9120,-1.5302
2020102,385810668,837068374,4.5084,-1.7162
2020103,363566614,812186919,4.6786,-1.6538
2020104,371069028,806356097,4.7388,-1.6276
2020105,399513718,837418291,4.9114,-1.5078
2020106,362151946,802335158,4.6621,-1.6659
2020107,372099740,835776030,4.8631,-1.4772
2020108,398129794,793968638,4.7074,-1.6620
2020109,358593188,723801259,4.6714,-1.6770
2020110,365150166,721987721,4.7631,-1.6183
2020111,459469274,808174858,5.0932,-1.4341
2020112,426910448,802000209,4.6887,-1.6238
2020113,436471868,772385388,4.5357,-1.7020
2020114,476450128,757446327,4.7316,-1.6337
2020115,435736254,837138988,5.0306,-1.4343
2020116,434234564,841135768,4.7231,-1.6055
2020117,460145954,785993086,4.6129,-1.6744
2020118,419968358,835737606,5.0060,-1.4344
2020119,432978556,837777744,4.8119,-1.6106
2020120,470788664,738529199,4.5609,-1.6878
2020121,425615038,777556587,5.0352,-1.4536
2020122,416050434,810048147,4.7532,-1.5197
2020123,442277628,869247735,5.0746,-1.4341
2020124,394367604,916453174,5.1949,-1.4332
2020125,403248064,942641447,4.8287,-1.5471
2020126,423827948,823570698,4.5827,-1.6890
2020127,385288238,824075658,4.7012,-1.6135
2020128,395094864,794699858,4.6754,-1.6576
2020129,428354318,786807887,4.7988,-1.6257
2020130,405085034,793700272,4.7448,-1.5988
2020131,394370394,791358796,4.7315,-1.6192
2020132,425174496,839661890,5.0456,-1.4342
2020133,370330222,893973468,5.0242,-1.4342
2020134,399565532,704501324,4.5940,-1.6958
2021001,411170524,710439245,4.7873,-1.6021
2021002,374374440,718352017,4.7410,-1.5982
2021003,360514540,753939585,4.9218,-1.4681
2021004,396531778,824817771,4.9072,-1.4349
2021005,359757108,806944718,4.8420,-1.6397
2021006,367900704,822318331,4.7655,-1.5829
2021007,389232822,885330100,5.0362,-1.4342
2021008,358122646,906339544,4.8956,-1.5062
2021009,367324734,952228282,5.2090,-1.4329
2021010,394795416,976145268,4.8502,-1.5441
2021011,358439884,907192691,4.5613,-1.6936
2021012,365486356,862128803,4.6204,-1.6692
2021013,403024326,812490648,4.6249,-1.6747
2021014,365029152,860487095,5.0131,-1.4342
2021015,373264066,874580915,4.8350,-1.5659
2021016,447622614,844483666,4.6657,-1.6533
2021017,442443732,879807720,4.9418,-1.4933
2021018,352299530,924046536,4.9475,-1.4346
2021019,351320330,916231105,4.6597,-1.6414
2021020,385685036,877930510,4.6062,-1.6563
2021021,350734702,834097039,4.6840,-1.6617
2021022,361605820,871216452,5.0093,-1.4342
2021023,397987234,903402709,5.0057,-1.4487
2021024,360465214,936474051,4.9008,-1.4785
2021025,370761350,962516400,4.8233,-1.5253
2021026,415303494,608709487,4.5138,-1.7133
2021027,371997822,515170584,4.5420,-1.6986
2021028,387583114,527018817,4.7833,-1.5796
2021029,413514858,475507497,4.5972,-1.6771
2021030,388490602,502740835,4.8516,-1.5344
2021031,389664660,474102879,4.6281,-1.6638
2021032,421020572,479350693,4.7476,-1.6055
2021033,378842354,502137377,4.8980,-1.5470
2021034,377894218,530109002,4.8506,-1.4996
2021035,382205894,549868285,4.8000,-1.5565
2021036,365524430,545659537,4.7538,-1.6214
2021037,374416372,565649555,4.8664,-1.5554
2021038,401665288,449879238,4.5617,-1.6893
2021039,377513042,469061553,4.8591,-1.5578
2021040,385858982,499321280,4.8053,-1.5111
2021041,415676146,275032108,4.5670,-1.7002
2021042,382918124,180671046,4.5797,-1.6894
2021043,389948810,243085282,5.0643,-1.4340
2021044,418973684,295504539,4.9645,-1.4347
2021045,377279966,326838472,4.9859,-1.5064
2021046,377425810,255412592,4.6965,-1.6753
2021047,367123752,291180168,4.8524,-1.4678
2021048,339198590,346939552,5.1179,-1.4334
2021049,375111072,409954275,5.1565,-1.4333
2021050,403433980,336133387,4.5916,-1.6838
2021051,377624458,335549357,4.6647,-1.6160
2021052,376039676,413602410,4.9292,-1.4348
2021053,398009388,473183576,5.0848,-1.4339
2021054,371689954,526556537,5.1013,-1.4337
2021055,376647950,425721551,4.6155,-1.6861
2021056,410076324,444149990,4.7646,-1.5767
2021057,379559152,478217025,4.8586,-1.4979
2021058,382666074,520502015,5.0476,-1.4400
2021059,407754588,618904511,5.1200,-1.4337
2021060,365484344,644294438,4.8219,-1.5276
2021061,376779952,694648802,4.9846,-1.4344
2021062,405763536,727417696,5.0769,-1.5011
2021063,370142008,647417696,4.5068,-1.7178
2021064,353338262,688856687,4.9891,-1.4343
2021065,362527724,753364365,5.1091,-1.4336
2021066,343529368,738667046,4.7295,-1.6358
2021067,352986918,749337326,4.8974,-1.5770
2021068,381950996,784841657,4.8254,-1.5104
2021069,348547620,805184330,4.8220,-1.5308
2021070,356032100,840734349,4.8668,-1.4927
2021071,384399388,850234438,4.8395,-1.5815
2021072,351515940,906924437,5.0168,-1.4341
2021073,353932932,936827442,4.9891,-1.4603
2021074,382266836,898477373,4.6228,-1.6710
2021075,347517338,950267665,5.1522,-1.4332
2021076,347734992,963078086,4.8152,-1.5485
2021077,377616968,949366069,4.7589,-1.6358
2021078,341551308,965580237,4.7945,-1.5588
2021079,345574370,976221781,4.8367,-1.5865
2021080,376533622,953249373,4.6848,-1.6538
2021081,344437194,997378346,4.9597,-1.4345
2021082,344368726,1007589655,4.7423,-1.5846
2021083,367542044,894543509,4.5282,-1.7079
2021084,338765612,836571971,4.6471,-1.6712
2021085,343883552,865785162,4.8544,-1.4647
2021086,363965626,934781421,4.9651,-1.4345
2021087,335386836,926596691,4.6610,-1.6315
2021088,339080722,932658139,4.7179,-1.5968
2021089,378094626,725193394,4.5486,-1.6985
2021090,340567382,658126685,4.5859,-1.6873
2021091,352636492,697092670,5.0023,-1.4342
2021092,382276564,721827132,4.8430,-1.4877
2021093,346398722,746968208,4.7918,-1.5115
2021094,353340702,819842497,5.0154,-1.4341
2021095,384516464,864489999,4.9545,-1.4346
2021096,349161898,822388985,4.6347,-1.6810
2021097,355020594,637412452,4.5629,-1.6993
2021098,390403928,673059288,4.9353,-1.4348
2021099,353159630,694710436,4.7462,-1.5512
2021100,364068238,711544497,4.7762,-1.5712
2021101,393612094,742311198,4.9281,-1.5087
2021102,357853464,599019763,4.5614,-1.7014
2021103,369736978,664617126,4.9819,-1.4344
2021104,397369092,708465505,5.0356,-1.4636
2021105,357292170,712816451,4.7234,-1.6046
2021106,364122996,738077667,4.8330,-1.5402
2021107,367139964,758280964,4.8042,-1.5551
2021108,339998838,781106313,4.8540,-1.5205
2021109,366715360,810527410,4.8993,-1.4634
2021110,394569218,850654756,4.8709,-1.4499
2021111,358360092,883991506,4.9700,-1.4345
2021112,370338224,797853981,4.5641,-1.6953
2021113,293434838,783403562,4.6555,-1.6393
2021114,337378334,837386111,4.9178,-1.4347
2021115,380172848,851679247,4.8142,-1.5556
2021116,355338790,897877549,5.2513,-1.4326
2021117,358589610,896904658,4.7891,-1.6160
2021118,386079710,923998119,4.8713,-1.5215
2021119,356935346,904876996,4.6386,-1.6410
2021120,355518696,734418962,4.5398,-1.7025
2021121,390361524,751815051,4.7537,-1.5636
2021122,360872924,771249437,4.8720,-1.5342
2021123,366471258,798569016,4.8043,-1.5211
2021124,394848530,823606529,4.8824,-1.5497
2021125,354978672,846489745,4.9182,-1.4965
2021126,358964852,877369730,4.9702,-1.5079
2021127,365976552,877334837,4.8045,-1.6140
2021128,349441520,920399839,5.0963,-1.4336
2021129,365299936,929943762,4.7391,-1.5754
2021130,398037824,914060182,4.6867,-1.6417
2021131,465860738,957547844,4.9968,-1.4653
2021132,490071244,973341811,4.7614,-1.5607
2021133,511607016,994690824,4.8239,-1.5779
2021134,472467398,1015069784,4.9084,-1.5759
2021135,486663630,1118152404,5.0412,-1.4344
2021136,517068910,1148127692,4.7623,-1.5533
2021137,474456734,1127353431,4.6861,-1.6372
2021138,486491502,1065047563,4.6583,-1.6786
2021139,531219172,1090940461,4.8335,-1.5764
2021140,479975520,1066087178,4.6205,-1.6405
2021141,483132724,1099283201,4.9004,-1.5170
2021142,509166454,1142703731,4.8571,-1.5032
2021143,475857912,1002138181,4.6909,-1.6848
2021144,483556078,1036483149,4.8780,-1.4736
2021145,517254362,1064375720,4.8501,-1.5571
2021146,480619582,1107375000,5.0241,-1.4668
2021147,457370132,1099867308,4.7065,-1.6265
2021148,459686850,1117570138,4.7766,-1.5692
2021149,425925826,1140585301,4.8988,-1.5549
2021150,456402254,1022824601,4.6473,-1.6800
2022001,447434510,1079698248,5.1132,-1.4339
2022002,408646714,1091513907,4.7944,-1.5874
2022003,410382612,1108650848,4.7654,-1.5644
2022004,441401912,1091893203,4.7414,-1.6525
2022005,388503758,1156142875,5.1051,-1.4337
2022006,389820756,1172781808,4.7680,-1.5658
2022007,417998504,1254497537,5.1730,-1.4335
2022008,377713752,1295623770,4.9359,-1.4347
2022009,381172430,1375659920,4.8794,-1.4351
2022010,403819420,1396071026,4.8176,-1.5545
2022011,379627650,1445932371,4.9867,-1.4344
2022012,432967098,1457999052,4.7456,-1.5871
2022013,376000418,1526180218,4.9710,-1.4345
2022014,353937416,1544973715,4.7036,-1.5598
2022015,387014176,1541699154,4.7659,-1.6217
2022016,370604868,1515799969,4.6251,-1.6503
2022017,367332144,1541904440,4.8329,-1.5073
2022018,392699896,1612631799,4.9277,-1.4348
2022019,374092592,1587422145,4.6890,-1.6542
2022020,376104336,1660696455,5.2357,-1.4328
2022021,413793268,1653333569,4.9726,-1.6225
2022022,374172850,1651680455,4.7035,-1.6184
2022023,386299738,1667173674,4.8772,-1.5785
2022024,412478136,1733800692,4.9426,-1.4348
2022025,380028752,1800801596,5.0056,-1.4343
2022026,390646552,1820096321,4.8506,-1.5744
2022027,407429120,1850108360,5.0127,-1.4344
2022028,359741624,1854403191,4.6716,-1.6051
2022029,354275468,1840565291,4.7085,-1.6427
2022030,376910184,1797209652,4.8812,-1.6626
2022031,353060708,1696267600,4.5811,-1.6889
2022032,365937174,1723412804,5.1267,-1.5328
2022033,392018786,1724489453,4.7187,-1.6125
2022034,361289854,1729816605,5.0117,-1.6005
2022035,353577746,1736599330,4.7283,-1.5971
2022036,362126634,1760101650,4.8779,-1.5450
2022037,332623306,1812767035,5.0991,-1.4334
2022038,348860576,1841833878,5.0341,-1.4938
2022039,375104494,1873384741,4.8568,-1.4850
2022040,343211044,1832633915,4.6593,-1.6702
2022041,348280000,1878895566,5.2109,-1.4328
2022042,376726628,1885518647,4.7424,-1.6009
2022043,350215018,1883060805,4.9019,-1.6188
2022044,362459788,1872712376,4.7247,-1.6336
2022045,389120778,1885303642,4.7419,-1.5777
2022046,358743356,1901913181,4.8218,-1.5762
2022047,360230056,1833014021,4.6455,-1.6818
2022048,357972850,1882359418,4.9239,-1.4348
2022049,337463590,1949357745,4.3684,-1.4346
2022050,363371278,1916892944,4.6924,-1.6560
2022051,389679034,1951616776,4.9484,-1.4715
2022052,359187786,1997206997,5.1798,-1.4331
2022053,356510652,2046352325,5.0944,-1.4336
2022054,391678014,1941352325,4.5068,-1.7178
2022055,350153658,1971539174,5.0100,-1.4587
2022056,352329270,2004226992,4.8650,-1.5024
2022057,378857894,2045497453,5.0417,-1.4341
2022058,336926030,2046143432,4.7603,-1.6128
2022059,340378840,1985420373,4.6120,-1.6770
2022060,361140396,2044441141,5.0979,-1.4336
2022061,331252342,2089196019,5.1135,-1.4333
2022062,329515310,2113191829,4.9760,-1.5148
2022063,360023818,2036171824,4.5742,-1.6939
2022064,340689068,2025619908,4.8212,-1.6316
2022065,348395414,2051850948,4.8633,-1.4798
2022066,370987262,1900729226,4.5294,-1.7091
2022067,347891686,1899875782,4.7312,-1.6161
2022068,354071622,1911353650,4.7432,-1.5809
2022069,380359658,1839751672,4.5815,-1.6884
2022070,356598990,1847642672,4.7124,-1.5966
2022071,354289328,1866155263,4.8115,-1.5667
2022072,385506202,1879381753,4.8384,-1.5753
2022073,352213628,1902372906,4.8276,-1.5356
2022074,354915638,1928690407,4.8598,-1.5241
2022075,379959636,1946747172,4.9032,-1.5520
2022076,342718328,1930610784,4.7266,-1.6379
2022077,345118818,1909641199,4.6750,-1.6453
2022078,366650644,1919037561,4.8562,-1.5817
2022079,341273762,1982330237,5.1295,-1.4333
2022080,342797508,1986021667,4.7580,-1.6058
2022081,373064250,2018613381,4.8572,-1.4807
2022082,347371994,2063526963,5.0515,-1.4339
2022083,347550570,2040473284,4.6305,-1.6512
2022084,368808592,2055734480,4.8267,-1.5516
2022085,341538762,2041516396,4.7373,-1.6385
2022086,345421240,2050676797,4.9379,-1.5896
2022087,370042706,2038263308,4.6143,-1.6574
2022088,340253450,1970007210,4.6070,-1.6848
2022089,342434670,2006110048,4.9911,-1.4343
2022090,365943774,1985834009,4.6027,-1.6743
2022091,335981918,1983706692,4.6586,-1.6203
2022092,337222664,1927997908,4.6167,-1.6719
2022093,363673578,1991811868,5.1916,-1.4330
2022094,333751422,2024071723,4.8783,-1.4350
2022095,339954958,2028343930,4.8297,-1.6012
2022096,374401638,1824688735,4.7105,-1.6976
2022097,339168020,1876944863,5.1410,-1.4332
2022098,339839938,1853286941,5.0941,-1.6463
2022099,368635154,1867860655,4.7237,-1.5773
2022100,338953236,1869582122,4.8134,-1.6106
2022101,342584116,1742459306,4.6507,-1.6911
2022102,360805992,1772160912,4.8736,-1.5126
2022103,331343836,1753950406,4.6833,-1.6456
2022104,337087306,1704610228,4.6212,-1.6710
2022105,357410590,1747497631,5.0590,-1.4339
2022106,336123528,1800820638,5.2541,-1.4324
2022107,342747048,1794077479,4.6949,-1.6299
2022108,379260702,1790162397,4.6855,-1.6209
2022109,349805376,1811161575,4.9174,-1.5275
2022110,352346658,1836366779,4.7760,-1.5407
2022111,385923798,1901720272,4.9520,-1.4347
2022112,348893862,1937385782,4.8888,-1.4679
2022113,363604180,1991635746,5.0333,-1.4341
2022114,347069064,1986647604,4.6836,-1.6232
2022115,359461828,1849681926,4.5830,-1.7000
2022116,337975208,1923415752,5.0379,-1.4339
2022117,345578024,1901177457,4.6388,-1.6562
2022118,374309728,1910541782,4.7192,-1.5763
2022119,341495720,1899873541,4.6475,-1.6330
2022120,355500194,1742358177,4.6060,-1.6899
2022121,380066114,1769892531,4.9297,-1.5430
2022122,350001646,1677059125,4.5979,-1.6880
2022123,360850820,1693327054,4.6801,-1.5733
2022124,383396494,1740587803,4.9825,-1.4345
2022125,429659904,1762667038,4.7641,-1.5500
2022126,436137344,1807038683,4.9456,-1.4625
2022127,455409958,1869259580,4.9618,-1.4348
2022128,420999886,1889014542,4.7782,-1.5776
2022129,430007836,1908461423,4.8667,-1.5571
2022130,446023212,1689813201,4.5369,-1.7049
2022131,425292626,1640635486,4.6215,-1.6680
2022132,439981994,1698530418,5.0978,-1.4340
2022133,457083562,1713363599,4.7435,-1.5870
2022134,404859714,1728998506,4.9170,-1.5815
2022135,402652460,1733838061,4.7871,-1.6059
2022136,412826960,1678628784,4.6702,-1.6741
2022137,380398430,1696427005,4.7890,-1.5687
2022138,382295872,1744972360,5.0726,-1.4339
2022139,421220444,1751181135,4.6725,-1.6043
2022140,397499610,1702647485,4.5785,-1.6675
2022141,415110854,1674155872,4.7946,-1.6418
2022142,440572602,1636406391,4.6100,-1.6794
2022143,397641696,1612687877,4.7043,-1.6469
2022144,400859910,1615187506,4.9494,-1.6086
2022145,366333090,1651431252,5.1003,-1.4336
2022146,319241960,1643604313,4.6231,-1.6328
2022147,308727648,1587565859,4.6120,-1.6823
2022148,328466772,1596182866,4.9105,-1.5935
2022149,305443962,1619210281,4.9094,-1.5459
2022150,322732470,1613770461,4.6669,-1.6271
2023001,349018800,1631485850,4.8065,-1.5623
2023002,317440920,1652047889,4.7933,-1.5440
2023003,332514694,1656261800,4.7670,-1.6033
2023004,362777504,1670832253,4.7682,-1.5770
2023005,331127174,1726038229,4.9226,-1.4347
2023006,341187596,1711353726,4.7588,-1.6372
2023007,357680590,1745872298,4.8977,-1.4349
2023008,367864780,1753087580,4.7584,-1.5979
2023009,370445322,1812003410,4.8829,-1.4351
2023010,335698884,1813355120,4.6801,-1.6113
2023011,344777252,1790457577,4.6325,-1.6509
2023012,377681908,1776074467,4.6625,-1.6358
2023013,351959204,1832147989,5.0489,-1.4339
2023014,354854954,1855218930,4.8248,-1.5197
2023015,392727530,1840337997,4.6431,-1.6454
2023016,363237418,1890499018,5.0345,-1.4341
2023017,385010210,1912869860,4.7842,-1.5381
2023018,428078014,1996089903,4.8531,-1.4353
2023019,399695170,2024791190,4.9113,-1.5298
2023020,394774502,2083313411,5.0247,-1.4342
2023021,430229092,2042737116,4.6980,-1.6542
2023022,393991274,2109715322,4.9778,-1.4345
2023023,394377912,1904715322,4.5068,-1.7178
2023024,424465912,1857117376,4.6032,-1.6615
2023025,383537242,1861412948,4.7902,-1.6053
2023026,382398740,1865260832,4.8616,-1.6071
2023027,405939502,1887143965,4.8991,-1.5242
2023028,378131048,1940352740,4.9581,-1.4346
2023029,373970632,1968119308,4.8357,-1.5005
2023030,407635670,1984712961,4.9075,-1.5651
2023031,377795536,2031724589,4.8542,-1.4352
2023032,378271328,2004521709,4.6966,-1.6516
2023033,407044870,2042293077,4.8600,-1.4596
2023034,371464196,2074219579,4.8854,-1.4833
2023035,376157550,2075773039,4.8059,-1.6108
2023036,402105258,1993133574,4.5867,-1.6856
2023037,357460864,1956183761,4.7010,-1.6617
2023038,368841578,1948188487,4.7234,-1.6293
2023039,409186858,1976860679,4.8301,-1.4969
2023040,372777348,2006881397,4.8559,-1.4912
2023041,379030400,2049048265,4.9565,-1.4346
2023042,406450374,2044443036,4.6729,-1.6242
2023043,370609676,1996962618,4.6333,-1.6660
2023044,375494004,2012948026,4.8629,-1.5729
2023045,398638950,2001600001,4.6817,-1.6313
2023046,364967218,2028047147,4.8877,-1.4786
2023047,373486114,1990369107,4.5150,-1.7118
2023048,362109840,1949270613,4.6464,-1.6673
2023049,328857030,1961601481,4.7423,-1.5724
2023050,359185180,1975368056,4.7905,-1.5579
2023051,388332454,2041647521,5.0401,-1.4341
2023052,358038114,1998828962,4.6294,-1.6696
2023053,364282626,2004355202,4.6666,-1.6036
2023054,394464450,2012386157,4.6552,-1.5945
2023055,370786668,2076855754,5.1023,-1.4337
2023056,372532958,2067478767,4.7569,-1.6334
2023057,396913794,2012616989,4.6462,-1.6683
2023058,372662796,2029768036,4.9178,-1.4384
2023059,374631364,1922748082,4.6210,-1.6879
2023060,402713176,1949837133,4.9004,-1.5214
2023061,365432766,2002747701,4.9274,-1.4348
2023062,359921314,2083569496,5.0402,-1.4340
2023063,390718820,2130039756,4.9257,-1.4348
2023064,358055754,2081628784,4.6232,-1.6670
2023065,364732942,2102299471,4.8397,-1.5610
2023066,393592226,2060647554,4.6632,-1.6621
2023067,364444632,2103312244,4.8978,-1.4394
2023068,370869162,2178451698,5.0341,-1.4341
2023069,396617204,2216379497,4.9367,-1.4843
2023070,358436376,2298227329,4.4295,-1.4343
2023071,335357710,2261306658,4.6875,-1.6617
2023072,390203400,2257958066,4.6563,-1.6247
2023073,360075550,2285628386,5.0345,-1.4996
2023074,358471886,2310559345,4.8081,-1.4868
2023075,382962350,2313625531,4.7842,-1.6072
2023076,349981630,2322659300,4.8326,-1.5907
2023077,351174612,2334509163,4.7207,-1.5843
2023078,376825490,2250465082,4.6005,-1.6932
2023079,352893610,2047443072,4.5395,-1.7097
2023080,363086950,2052579114,4.9083,-1.6016
2023081,387109286,2080743000,5.1229,-1.5163
2023082,355121956,2056167572,4.6736,-1.6533
2023083,360195880,2071700320,4.7787,-1.5508
2023084,386580634,2103633553,4.9567,-1.4828
2023085,356240472,2125713507,4.8864,-1.5383
2023086,357436118,2121686796,4.7028,-1.6220
2023087,381153750,2137498144,4.7885,-1.5783
2023088,350096092,2115425117,4.6924,-1.6555
2023089,354904960,2063540939,4.6654,-1.6736
2023090,384947064,2090904684,4.9326,-1.4737
2023091,358375594,2110673283,4.9883,-1.5623
2023092,357345052,2139476134,4.9337,-1.5152
2023093,382160878,2202132520,5.2079,-1.4331
2023094,353863692,2190138271,4.9143,-1.6320
2023095,357870744,2125574043,4.5952,-1.6751
2023096,387715200,2146953645,4.8481,-1.5592
2023098,362199042,2118259570,4.6663,-1.6314
2023099,390452378,2086416405,4.8409,-1.6499
2023100,359711540,2031278380,4.6079,-1.6744
2023101,370629284,2081108979,4.9384,-1.4347
2023102,408618502,2075541857,4.7674,-1.6256
2023103,370559376,2132500020,5.0221,-1.4342
2023104,371735912,2183510069,5.0475,-1.4340
2023105,405852212,2246893587,5.1261,-1.4337
2023106,375981944,2266428564,4.8132,-1.5143
2023107,377747376,2284128424,4.7595,-1.5541
2023108,414140392,2257216493,4.6751,-1.6606
2023109,372318810,2303849540,4.8817,-1.4351
2023110,375580258,2339391685,5.0861,-1.4914
2023111,404303630,2374902077,4.9600,-1.4347
2023112,369828352,2367099281,4.7171,-1.6268
2023113,373161172,2374279095,4.8195,-1.5976
2023114,370562742,2371779513,4.7028,-1.6203
2023115,399381218,2367018008,4.7853,-1.6216
2023116,373229184,2358302682,4.6532,-1.6327
2023117,382441836,2344668961,4.6584,-1.6497
2023118,416077564,2354656592,4.6800,-1.5922
2023119,379869478,2404112623,5.1160,-1.4336
2023120,382480862,2372742600,4.6255,-1.6578
2023121,412907242,2394462620,4.8862,-1.5582
2023122,383794308,2396234235,4.7814,-1.6101
2023123,385283048,2392642136,4.7741,-1.6194
2023124,417825112,2400872645,4.7151,-1.5936
2023125,386307316,2449910182,4.9983,-1.4344
2023126,394649530,2481110827,4.8777,-1.5227
2023127,415967168,2483723142,4.7113,-1.6105
2023128,381237932,2503346700,4.7799,-1.5570
2023129,473959588,2553859029,5.0118,-1.4413
2023130,497696868,2644338946,4.9141,-1.4351
2023131,466031504,2691287209,4.9672,-1.4765
2023132,474511672,2639577950,4.6376,-1.6591
2023133,517770956,2625290582,4.6760,-1.6321
2023134,484355844,2554169624,4.6665,-1.6668
2023135,486609550,2481542330,4.6133,-1.6797
2023136,525192790,2438516168,4.6617,-1.6568
2023137,492348152,2467775081,4.8115,-1.5147
2023138,492601986,2548652101,5.1850,-1.4338
2023139,521719600,2599513870,5.0018,-1.4650
2023140,480392100,2606606136,4.8263,-1.6021
2023141,493963074,2628135529,4.7783,-1.5744
2023142,507406422,2715709193,5.0391,-1.4345
2023143,460243432,2625542196,4.6902,-1.6723
2023144,461560620,2624782779,4.7153,-1.6164
2023145,488324570,2658009357,4.8341,-1.5293
2023146,449833942,2661725786,4.7218,-1.6062
2023147,432874498,2678144078,4.8726,-1.5719
2023148,454223900,2527599376,4.5655,-1.6942
2023149,405361488,2575173968,4.9683,-1.4346
2023150,411922624,2599366995,4.8842,-1.5431
2023151,452958034,2626575547,4.9254,-1.5580
2024001,397951464,2653241738,4.8272,-1.5362
2024002,402054502,2540785162,4.6011,-1.6917
2024003,428830208,2538504530,4.7919,-1.6181
2024004,397770990,2543934511,4.7358,-1.6021
2024005,407820678,2593104612,5.0665,-1.4340
2024006,430067550,2606624464,4.8986,-1.5885
2024007,391831746,2644219785,4.8939,-1.4601
2024008,390103204,2680260839,4.9078,-1.4664
2024009,409759128,2725560627,4.9879,-1.4345
2024010,372460178,2773122333,5.1223,-1.4335
2024011,382080084,2729590794,4.5934,-1.6836
2024012,406461312,2765382313,4.9066,-1.5092
2024013,368057096,2740765858,4.6855,-1.6506
2024014,369008560,2771158275,4.9222,-1.5247
2024015,391425990,2799740697,4.7844,-1.5309
2024016,398150146,2182164460,4.7872,-1.7068
2024017,408414594,2249152255,5.0690,-1.4340
2024018,362234554,2255582139,4.7073,-1.6000
2024019,362006810,2240147827,4.6970,-1.6461
2024020,401743532,2292837056,5.1428,-1.4336
2024021,387567590,2303552638,4.7390,-1.5871
2024022,388759926,2211765504,4.5842,-1.6847
2024023,429941270,2249424817,4.9098,-1.4350
2024024,389179240,2259827583,4.7099,-1.5934
2024025,399059370,2283708268,4.9848,-1.5521
2024026,431419382,2274290656,4.6407,-1.6288
2024027,398514350,2297410268,4.7456,-1.5620
2024028,400874276,2284805181,4.6713,-1.6363
2024029,433441094,2369816985,5.0150,-1.4344
2024030,398025748,2432825172,5.1292,-1.4336
2024031,401159328,2337825172,4.5068,-1.7178
2024032,413703736,2337606504,4.8029,-1.6144
2024033,374362318,2373391338,4.9667,-1.4345
2024034,385412112,2343160918,4.6528,-1.6512
2024035,412436132,2285864323,4.5848,-1.6710
2024036,375133272,2277496852,4.6649,-1.6319
2024037,356283280,2327021985,5.0332,-1.4340
2024038,403976694,2387854012,4.9188,-1.4349
2024039,381702830,2381952370,4.7451,-1.6244
2024040,386011398,2403776297,4.7720,-1.5586
2024041,412186810,2126335214,4.5602,-1.7000
2024042,385020364,2209117678,5.3530,-1.4322
2024043,379945476,2195139699,4.7017,-1.6384
2024044,405727312,2217466686,4.8543,-1.5227
2024045,379451774,2197753504,4.6254,-1.6460
2024046,382103034,2226410188,4.8224,-1.5165
2024047,405356264,2162261379,4.8321,-1.6642
2024048,351928312,2179284324,4.8298,-1.5642
2024049,330045974,2211638785,4.9087,-1.4348
2024050,388201440,2207601984,4.7018,-1.6210
2024051,367939562,2178038182,4.6500,-1.6551
2024052,373167274,2202835275,4.8501,-1.5294
2024053,395915432,2170866334,4.6240,-1.6617
2024054,367543408,2201149174,4.8165,-1.4904
2024055,377710122,2281302712,4.9605,-1.4346
2024056,397159810,2300641915,4.8662,-1.5479
2024057,365625592,2240160236,4.5650,-1.6840
2024058,369285740,2296535377,5.0404,-1.4340
2024059,390426128,2319757937,4.8332,-1.5349
2024060,358843202,2326589163,4.7834,-1.5986
2024061,364421040,2363723406,4.9361,-1.4347
2024062,390275626,2401489046,5.0277,-1.4586
2024063,362508790,2404350858,4.6932,-1.6088
2024064,365056746,2335560971,4.5874,-1.6821
2024065,373231796,2343254145,4.7142,-1.5989
2024066,348630430,2318622744,4.6996,-1.6460
2024067,359572106,2339018162,4.8773,-1.5540
2024068,382798116,2248589639,4.6001,-1.6890
2024069,349312006,2231662700,4.7124,-1.6433
2024070,355743106,2246917307,4.8673,-1.5746
2024071,377739850,2254015200,4.8014,-1.6008
2024072,342963952,2329358625,4.4410,-1.4342
2024073,351823400,2354261205,4.7921,-1.4871
2024074,375016018,2356767829,4.7322,-1.6042
2024075,345694980,2313225143,4.6106,-1.6645
2024076,348856354,2372414911,5.0632,-1.4338
2024077,369020954,2382512560,4.7926,-1.5729
2024078,342123330,2329005428,4.6106,-1.6793
2024079,351442404,2323420019,4.6456,-1.6263
2024080,375983952,2334815017,4.7405,-1.5886
2024081,351219750,2339593701,4.6592,-1.6060
2024082,350123408,2383370581,5.0178,-1.4341
2024083,378567992,2404993508,4.8946,-1.5583
2024084,347931710,2441854586,4.9985,-1.4623
2024085,345948072,2483142282,5.0144,-1.4441
2024086,369996636,2515631484,5.0729,-1.4338
2024087,346836290,2257713590,4.6236,-1.7042
2024088,354401976,2291698840,4.9176,-1.4348
2024089,380044140,2285367632,4.7179,-1.6253
2024090,350631612,2300572454,4.8762,-1.5691
2024091,356693206,2364340809,5.0525,-1.4339
2024092,370253242,2335461640,4.6296,-1.6571
2024093,348127806,2371195097,4.9283,-1.4347
2024094,350072302,2086195097,4.5068,-1.7178
2024095,385134230,2028443682,4.5873,-1.6846
2024096,352522568,2065127017,4.8905,-1.4350
2024097,354395754,2114497370,5.3438,-1.4319
2024098,381156802,2127859521,4.7661,-1.5840
2024099,344108040,2134776394,4.8372,-1.5980
2024100,348781408,2171115625,5.0208,-1.4341
2024101,374345806,2152170943,4.7037,-1.6497
2024102,344796788,2175308161,4.7933,-1.5196
2024103,346931426,2191849007,4.8359,-1.5715
2024104,373660982,2184380821,4.6685,-1.6301
2024105,342083742,2203602195,4.9755,-1.5474
2024106,347018184,2207462227,4.7204,-1.6073
2024107,354933898,2142473782,4.6372,-1.6886
2024108,323582976,2140826873,4.7063,-1.6187
2024109,343699030,2143362495,4.8641,-1.6077
2024110,368550846,2181209099,5.1022,-1.4336
2024111,339434250,2179758898,4.7174,-1.6171
2024112,348744958,2182909574,4.7252,-1.6073
2024113,377101508,2241743848,5.0827,-1.4338
2024114,354097454,2267175046,4.7766,-1.5277
2024115,341744330,2137644946,4.5461,-1.7067
2024116,352746618,2192343800,5.1032,-1.4335
2024117,376451952,2223422878,4.9377,-1.4547
2024118,342882326,2257480299,5.0992,-1.4730
2024119,343140726,2308462079,5.1404,-1.4332
2024120,364140764,2266839986,4.6176,-1.6717
2024121,341159894,2256645443,4.8687,-1.6307
2024122,352551896,2257311684,4.6912,-1.6133
2024123,375813786,2276426310,4.9082,-1.5576
2024124,346613892,2296856893,4.9036,-1.5091
2024125,351905686,2302578322,4.6640,-1.6019
2024126,473613616,2326364768,5.0210,-1.5525
2024127,438566712,2375510386,4.9534,-1.4348
2024128,445426800,2453113294,5.0173,-1.4344
2024129,479114118,2441971585,4.8108,-1.6284
2024130,439889754,2477625267,4.9155,-1.5327
2024131,435463406,2463553435,4.6844,-1.6339
2024132,471463176,2503891643,5.0534,-1.4757
2024133,432267736,2467409931,4.7913,-1.6481
2024134,439880754,2554819300,5.0781,-1.4341
2024135,465732500,2530793029,4.6851,-1.6406
2024136,429233698,2537583064,4.7592,-1.5971
2024137,446966366,2243778557,4.5435,-1.7012
2024138,491074898,2200503777,4.6310,-1.6593
2024139,456605906,2219122799,4.9311,-1.5790
2024140,459136590,2261925902,4.9249,-1.4388
2024141,481535824,2238110251,4.7358,-1.6389
2024142,441190576,2200464970,4.6191,-1.6700
2024143,463226948,2225060896,4.7774,-1.5516
2024144,491869822,2201545229,4.6511,-1.6433
2024145,451419346,2203223647,4.7877,-1.6112
2024146,413166618,2131435845,4.5946,-1.6763
2024147,438660552,2158588347,4.8805,-1.5214
2024148,412346050,2188407705,4.9852,-1.5261
2024149,411127632,2219207042,4.8856,-1.5089
2024150,434694410,2266121359,5.2179,-1.4333
2024151,428356574,2263285189,4.7341,-1.6187
2025001,404437376,1792900594,4.6463,-1.7038
2025002,439670530,1854289576,4.9819,-1.4346
2025003,396515706,1885210987,4.8829,-1.5235
2025004,391221400,1887440945,4.7634,-1.6092
2025005,424386010,1858064417,4.6566,-1.6611
2025006,388340672,1824655469,4.6162,-1.6577
2025007,388819806,1861548871,4.9509,-1.4347
2025008,419205612,1942395126,4.9675,-1.4347
2025009,375791606,1921378198,4.6300,-1.6457
2025010,385376562,1767703481,4.6297,-1.6976
2025011,460490078,1811025553,4.8922,-1.4664
2025012,384392632,1841105218,4.8823,-1.5113
2025013,400862420,1866519971,4.8725,-1.5488
2025014,376048608,1847958110,4.6752,-1.6526
2025015,381850646,1778497050,4.6095,-1.6719
2025016,422332862,1818910823,4.9019,-1.4958
2025017,385907866,1857043294,4.9756,-1.4345
2025018,389691430,1842439055,4.7260,-1.6358
2025019,426478858,1878573590,4.8927,-1.4662
2025020,397475096,1882831619,4.6842,-1.6069
2025021,406699544,1838921415,4.6654,-1.6575
2025022,439339144,1888281245,5.0991,-1.4340
2025023,386827864,1866674645,4.6401,-1.6551
2025024,390568100,1900501646,4.8653,-1.4987
2025025,429174194,1936093458,5.0034,-1.4920
2025026,392951650,1952743893,4.9543,-1.5646
2025027,394720204,1938498165,4.6744,-1.6372
2025028,417970572,2017782256,4.9475,-1.4348
2025029,393060268,2028095174,4.7957,-1.5950
2025030,395500258,2062046163,4.9444,-1.4747
2025031,419594048,2023566815,4.6671,-1.6585
2025032,374535064,2042155440,4.7503,-1.5511
2025033,379779720,2023890601,4.7102,-1.6484
2025034,400660020,2029352539,4.7257,-1.6006
2025035,375726786,2060934078,4.8804,-1.5062
2025036,372292440,2097342123,5.0124,-1.4342
2025037,406066676,2106170670,4.7639,-1.5963
2025038,378571560,2102284821,4.6936,-1.6260
2025039,381434232,2122857171,4.8467,-1.5298
2025040,399308858,1998970150,4.6339,-1.6894
2025041,377141604,2002373802,4.7596,-1.6056
2025042,385795918,2042981318,4.9185,-1.4349
2025043,409814910,2048930620,4.7525,-1.5992
2025044,373270898,2048222162,4.7729,-1.6155
2025045,373242104,2127821193,5.1557,-1.4333
2025046,399679256,2171296641,5.1202,-1.4644
2025047,364051920,2211042881,4.9132,-1.4348
2025048,326832578,2265448315,5.1027,-1.4334
2025049,359533236,2248298531,4.6664,-1.6498
2025050,366315720,2229936825,4.7349,-1.6393
2025051,365959336,2225343467,4.7064,-1.6224
2025052,390015600,2129007256,4.6235,-1.6879
2025053,367998390,2148558912,4.8560,-1.5339
2025054,374131396,2224737559,4.9221,-1.4348
2025055,396605082,2277473550,5.1323,-1.4336
2025056,366700300,2296183528,4.9143,-1.5587
2025057,362960216,2235456730,4.5695,-1.6717
2025058,393500536,2233844001,4.6838,-1.6180
2025059,357078086,2266201070,4.8619,-1.4486
2025060,358070626,2329561958,4.9418,-1.4346
2025061,366761624,2341944468,4.7684,-1.5721
2025062,353685018,2367795314,4.8796,-1.5256
2025063,366105242,2377447244,4.9689,-1.5965
2025064,389225746,2388057766,4.8015,-1.5924
2025065,357848508,2410421705,4.8728,-1.4995
2025066,366359214,2400049823,4.7453,-1.6355
2025067,389127714,2377972199,4.6747,-1.6494
2025068,356576372,2290992555,4.5736,-1.6893
2025069,367456356,2342801953,5.0321,-1.4341
2025070,388014508,2371986371,4.8193,-1.4949
2025071,357410052,2406971013,4.9506,-1.4346
2025072,359396990,2421739287,4.8164,-1.5762
2025073,388648778,2374540018,4.6655,-1.6655
2025074,357617458,2407444608,5.0250,-1.4783
2025075,356433094,2390134063,4.6686,-1.6442
2025076,380376886,2396570293,4.6912,-1.5819
2025077,354913968,2412167034,4.7923,-1.5787
2025078,350559496,2491153983,4.4204,-1.4343
2025079,380647944,2518044933,4.9009,-1.5220
2025080,350614738,2502765112,4.6865,-1.6386
2025081,353894972,2529126398,4.8400,-1.5241
2025082,378156970,2558698192,4.9150,-1.4625
2025083,352801672,2565049782,4.7436,-1.5981
2025084,350903250,2594607446,4.8964,-1.5129
2025085,373432674,2572231246,4.8364,-1.6406
2025086,345276906,2535971590,4.7005,-1.6608
2025087,350994188,2559651509,4.9081,-1.4523
2025088,378870024,2602087534,5.1259,-1.4336
2025089,346126366,2625969286,4.9317,-1.5157
2025090,358843770,2427919422,4.6359,-1.6942
2025091,381527438,2443475122,4.8317,-1.5742
2025092,350909082,2456759248,4.8122,-1.5752
2025093,356349402,2435085847,4.6757,-1.6516
2025094,378464962,2456203693,4.7785,-1.5603
2025095,347483168,2468316703,4.8925,-1.5824
2025096,350353036,2531810580,4.9096,-1.4348
2025097,380958632,2597968523,4.9205,-1.4348
2025098,348777356,2518876889,4.5748,-1.6887
2025099,353036232,2588706689,4.9474,-1.4346
2025100,383791808,2597220563,4.8486,-1.5979
2025101,350895240,2615069983,4.8317,-1.5409
2025102,351383918,2587063782,4.6470,-1.6625
2025103,385480320,2655260007,5.0227,-1.4342
2025104,348590986,2720046642,4.9572,-1.4345
2025105,357186846,2733576679,4.7525,-1.5591
2025106,383828310,2754326369,4.7458,-1.5615
2025107,352042890,2799363828,4.9309,-1.4347
2025108,359262232,2819783316,4.8236,-1.5305
2025109,398851460,2798817511,4.6475,-1.6506
2025110,364932922,2817720121,4.9498,-1.5488
2025111,366420958,2846924292,5.0367,-1.4636
2025112,398243350,2882384020,4.9643,-1.4346
2025113,376311750,2931095408,4.9891,-1.4344
2025114,306235982,2942942799,4.8463,-1.5789
2025115,330722178,2797883669,4.5598,-1.6913
2025116,363037044,2802882002,4.7626,-1.5802
2025117,389301568,2819850462,4.7777,-1.5757
2025118,357347556,2840423562,4.9179,-1.5433
2025119,364080712,2819294293,4.5880,-1.6545
2025120,385873150,2880926922,5.2139,-1.4331
2025121,354466956,2847262236,4.6205,-1.6679
2025122,363694232,2875067397,4.8467,-1.5192
2025123,386747886,2875974569,4.7356,-1.6127
2025124,354991248,2871762236,4.7625,-1.6203
2025125,358732158,2821493961,4.5976,-1.6756
2025126,399441700,2846957929,4.9116,-1.5392
2025127,360915142,2849527123,4.7389,-1.6078
2025128,371066844,2840807340,4.6500,-1.6403
2025129,403899176,2822006563,4.7016,-1.6386
2025130,377466594,2776600809,4.5895,-1.6815
2025131,385122072,2798991596,4.9067,-1.5563
2025132,409235610,2810082951,4.7784,-1.5859
2025133,363914948,2738063876,4.6197,-1.6850
2025134,374640566,2723830474,4.7232,-1.6387
2025135,400247838,2742951835,4.8606,-1.5580
2025136,361034006,2583189299,4.7385,-1.6901
2025137,364942202,2563690940,4.7077,-1.6477
2025138,396317254,2620027948,5.0600,-1.4340
2025139,358264332,2655816573,4.9146,-1.4348
2025140,362437084,2690606470,4.9501,-1.4357
2025141,390055596,2697873796,4.8160,-1.5991
2025142,353205678,2743073255,5.0525,-1.4339
2025143,357498010,2766563293,4.9510,-1.5445
2025144,379272340,2736534730,4.6983,-1.6487
2025145,356306424,2711897665,4.7884,-1.6475
2025146,365633358,2718302859,4.7220,-1.6000
2025147,392695744,2654856315,4.6778,-1.6764
2025148,353582370,2669426999,4.7928,-1.5768
2025149,355328424,2655142533,4.7319,-1.6368
2025150,388447078,2673213583,4.7555,-1.5617
2025151,369383528,2688298050,4.7947,-1.5628
2026001,348080190,2718022399,4.8811,-1.4619
2026002,377330734,2717326577,4.7949,-1.6152
2026003,352267432,2761523177,4.9449,-1.4346
2026004,361167416,2782271788,4.8333,-1.5080
2026005,387903486,2821524165,5.1227,-1.4336
2026006,352228044,2880241083,4.9350,-1.4347
2026007,360236814,2890464389,4.7511,-1.5845
2026008,388652642,2921931052,4.9330,-1.5063
2026009,347159860,2924245047,4.6756,-1.6095
2026010,358486254,2865932466,4.6047,-1.6778
2026011,394441490,2925771107,5.1131,-1.4337
2026012,358422924,2925358915,4.8376,-1.6147
2026013,380549690,2961315457,4.9796,-1.4663
2026014,386492580,2876368081,4.8051,-1.6665
2026015,359738534,2851368081,4.9425,-1.5703
2026016,364669398,2811368081,4.6159,-1.6786
2026017,387896530,2781368081,4.9133,-1.6068
2026018,365733450,2751368081,4.6775,-1.6843
2026019,428387634,2716368081,4.7765,-1.6224
2026020,381989060,2712273374,5.6253,-1.4305
2026021,351619166,2682273374,4.9923,-1.5981
2026022,380507698,2652273374,4.7616,-1.6396
2026023,361967792,2592273374,4.7235,-1.6820
2026024,370443834,2588926159,5.4976,-1.4311
2026025,404403816,2553926159,4.8055,-1.6241
2026026,377828982,2518926159,4.7228,-1.6537
2026027,397777968,2428784926,4.7198,-1.7531
2026028,425241582,2403784926,4.8433,-1.5612
2026029,390925844,2383784926,4.9142,-1.5898
2026030,401991268,2358784926,5.1536,-1.5696
2026031,430685136,2308784926,4.6646,-1.6940
2026032,392702390,2278784926,5.0277,-1.5840
2026033,397739574,2203784926,4.7321,-1.6817
2026034,425726210,2138784926,4.6957,-1.6801
2026035,389527084,2108784926,4.7866,-1.5953
2026036,398552206,2063784926,4.6583,-1.6785
2026037,398672542,1973841973,4.4971,-1.9204
2026038,382309000,1933841973,4.8040,-1.6485
2026039,393444014,1934981238,5.0019,-1.4344
2026040,421923472,1869981238,4.7743,-1.6563
2026041,396284492,1799981238,4.7560,-1.6736
2026042,400801534,1729981238,4.6374,-1.6774
2026043,423102342,1649981238,4.5977,-1.6968
2026044,395282770,1619981238,5.0410,-1.5857
2026045,395637026,1559981238,4.9468,-1.6471
2026046,425615512,1535111504,5.2194,-1.5171
2026047,383992530,1505111504,4.7082,-1.6288
2026048,381163108,1520262206,4.6204,-1.4332
2026049,378548054,1490262206,4.9635,-1.6061
2026050,368215788,1470262206,4.9727,-1.5903
2026051,386809756,1400262206,4.7255,-1.6756
2026052,417267288,1306883761,4.5420,-1.7644
2026053,395029142,1276883761,4.9138,-1.6031
2026054,391858874,1251883761,5.5592,-1.5196
2026055,422769486,1237107160,5.1164,-1.4338
2026056,391304582,1229771516,5.2825,-1.4327
2026057,397400020,1199771516,4.9681,-1.6073
2026058,425121686,1154771516,4.8843,-1.6313
2026059,392773558,1139990273,5.1573,-1.4334
2026060,398771788,1049990273,4.6655,-1.6887
2026061,429422172,1009990273,4.7924,-1.6528
2026062,402189304,909990283,4.4128,-1.8119
2026063,393294950,816837950,4.6999,-1.7166
2026064,427210484,741837950,4.8682,-1.6585
2026065,386314046,706837950,4.8540,-1.6066
2026066,392786646,671837950,4.9244,-1.6183
2026067,414869642,658469423,5.4166,-1.4321
2026068,379517740,588469423,4.7887,-1.6796
2026069,373992648,493183968,4.4928,-1.7434
2026070,398555946,438183968,4.6874,-1.6712
2026071,373089958,398183968,4.7450,-1.6676
2026072,377591844,378183968,4.9986,-1.5304
2026073,398594042,328183968,4.8412,-1.6535
2026074,370952514,308183968,5.1397,-1.5300
2026075,370657052,283183968,5.1334,-1.5546
2026076,382507054,292048181,4.7343,-1.5843
2026077,353662546,320076738,4.8961,-1.5181
2026078,355852948,285632700,4.6459,-1.6618
2026079,373452200,367458887,5.0216,-1.4342
2026080,344697650,384218118,4.8128,-1.5711
2026081,350765488,401606257,4.7948,-1.5431
2026082,375000824,409487566,4.7241,-1.5984
2026083,348240258,480802779,4.4009,-1.4345
2026084,348718788,480566551,4.7828,-1.6145
2026085,368292652,450096595,4.6117,-1.6677
2026086,345608568,463257269,4.7380,-1.5760
2026087,349545040,473791046,4.8114,-1.5870
2026088,373747432,442158322,4.4237,-1.8338
2026089,345041020,489539135,5.0320,-1.4340
2026090,348980318,545331466,5.0654,-1.4338
2026091,367362274,583235682,5.0621,-1.4339
2026092,339633672,571623532,4.8202,-1.6334
2026093,348046564,566415284,4.7138,-1.6278
2026094,373881722,616242219,4.9624,-1.4346
2026095,347737104,628888733,4.8051,-1.5770
2026096,344932190,654135395,4.8708,-1.5277
2026097,369897178,710238057,5.0076,-1.4343
2026098,337464770,711169786,4.7204,-1.6117
2026099,344486222,776452438,5.1047,-1.4335
